page,doc_id,title,url,date,answer_count,list_raw_text,question_text,answers_text,detail_text
1,494211653,프로그램 참여 인원은 적정하다고 생각하십니까?,https://kin.naver.com/qna/detail.naver?d1id=1&dirId=10405&docId=494211653,,,프로그램 참여 인원은 적정하다고 생각하십니까? 프로그래머 UP 0 2 2시간 전,프로그램 참여 인원은 적정하다고 생각하십니까?,"프로그램 참여 인원은 적정하다고 생각하십니까에 관한 질문 주셨군요. ​ 참여 인원의 적정 여부는 프로젝트의 규모와 목표에 따라 다르지만, 일반적으로 포트폴리오용 실용 서비스 개발에서는 3~5명이 적절합니다. 이 인원수는 역할 분담이 용이하고 커뮤니케이션이 원활하며, 각자가 담당하는 영역에 충분히 집중할 수 있기 때문입니다. 예를 들어, 한 명은 프론트엔드 개발, 한 명은 백엔드 개발, 또 다른 사람은 AI 모델 또는 데이터 분석, 그리고 전체 기획 및 디자인 담당자가 포함될 수 있습니다. 이렇게 인원이 적당히 조율되면 빠른 의사결정과 유연한 작업 진행이 가능하고, 포트폴리오에 담기 적합한 완성도 높은 프로젝트를 만들 수 있습니다. 따라서, 프로젝트의 구체적인 목표와 역할 분담을 고려하여 3~5명이 적정 인원임을 추천드립니다. ​ 답변이 도움되셨다면 채택 부탁드립니다! 추가 질문은 채택 후 가능합니다.

---답변 구분---

프로그램 참여 인원은 적정하다고 생각하십니까 문의 해주셨군요. ​ 안녕하세요. 프로그램 참여 인원에 대한 적정 인원은 프로젝트의 규모와 목표에 따라 다르지만, 일반적으로 소규모인 3~5명 정도가 적당하다고 봅니다. 이 인원은 역할 분담이 가능하면서도 커뮤니케이션이 원활하며, 실질적인 성과를 내기에 충분한 규모입니다. ​ 대규모인 경우, 역할이 겹치거나 의사소통이 복잡해질 수 있어 효율성이 떨어질 수 있으며, 반대로 너무 적은 인원은 업무 부담이 커지고, 다양한 기술을 적용하거나 아이디어를 확장하는 데 한계가 있을 수 있습니다. ​ 포트폴리오용으로 실용적이고 활용 가능한 서비스를 개발한다는 목표를 감안할 때, 초기 단계에서는 3~4명의 팀이 역할을 명확히 나눠서, 기획, 개발, 디자인, AI 기술 적용 등을 분담하는 것이 효과적입니다. 이후 프로젝트의 진행상황에 따라 필요 시 역할을 확장하거나 조정하는 것이 좋습니다. ​ 도움이 되셨다면 채택 부탁드립니다~ 추가 질문은 채택 후 답변 가능합니다.","프로그램 참여 인원은 적정하다고 생각하십니까? 프로그램 참여 인원은 적정하다고 생각하십니까에 관한 질문 주셨군요. ​ 참여 인원의 적정 여부는 프로젝트의 규모와 목표에 따라 다르지만, 일반적으로 포트폴리오용 실용 서비스 개발에서는 3~5명이 적절합니다. 이 인원수는 역할 분담이 용이하고 커뮤니케이션이 원활하며, 각자가 담당하는 영역에 충분히 집중할 수 있기 때문입니다. 예를 들어, 한 명은 프론트엔드 개발, 한 명은 백엔드 개발, 또 다른 사람은 AI 모델 또는 데이터 분석, 그리고 전체 기획 및 디자인 담당자가 포함될 수 있습니다. 이렇게 인원이 적당히 조율되면 빠른 의사결정과 유연한 작업 진행이 가능하고, 포트폴리오에 담기 적합한 완성도 높은 프로젝트를 만들 수 있습니다. 따라서, 프로젝트의 구체적인 목표와 역할 분담을 고려하여 3~5명이 적정 인원임을 추천드립니다. ​ 답변이 도움되셨다면 채택 부탁드립니다! 추가 질문은 채택 후 가능합니다. ---답변 구분--- 프로그램 참여 인원은 적정하다고 생각하십니까 문의 해주셨군요. ​ 안녕하세요. 프로그램 참여 인원에 대한 적정 인원은 프로젝트의 규모와 목표에 따라 다르지만, 일반적으로 소규모인 3~5명 정도가 적당하다고 봅니다. 이 인원은 역할 분담이 가능하면서도 커뮤니케이션이 원활하며, 실질적인 성과를 내기에 충분한 규모입니다. ​ 대규모인 경우, 역할이 겹치거나 의사소통이 복잡해질 수 있어 효율성이 떨어질 수 있으며, 반대로 너무 적은 인원은 업무 부담이 커지고, 다양한 기술을 적용하거나 아이디어를 확장하는 데 한계가 있을 수 있습니다. ​ 포트폴리오용으로 실용적이고 활용 가능한 서비스를 개발한다는 목표를 감안할 때, 초기 단계에서는 3~4명의 팀이 역할을 명확히 나눠서, 기획, 개발, 디자인, AI 기술 적용 등을 분담하는 것이 효과적입니다. 이후 프로젝트의 진행상황에 따라 필요 시 역할을 확장하거나 조정하는 것이 좋습니다. ​ 도움이 되셨다면 채택 부탁드립니다~ 추가 질문은 채택 후 답변 가능합니다."
1,494178434,ai를 사용한 팀프로젝트 아이디어 추천해주세요,https://kin.naver.com/qna/detail.naver?d1id=1&dirId=10405&docId=494178434,2026.07.06.,,ai를 사용한 팀프로젝트 아이디어 추천해주세요 프로그래머 UP 0 1 2026.07.06.,"안녕하세요, 개발에 깊은 관심이 있는 학생입니다. 교내에서 실용적인 혹은 사용 할 수 있는 서비스 개발을 하려 합니다 실제 사용 가능한 서비스/웹/앱 AI 기술 활용 포트폴리오용으로 쓸 수 있는 아이디어 해당 조건과 같이 고려해 주시면 좋겠습니다 웹 서비스 개발 및 배포 경험이 있습니다. 비슷한 프로젝트 해보신 분이나 아이디어 있으신 분 추천 부탁드립니다!","포트폴리오용이라면 “AI를 썼다”보다 실제 사용자가 문제를 해결할 수 있는 서비스가 좋아 보입니다. ​ 몇 가지 추천드리면요. ​ 1. 회의록 자동 정리 웹앱 음성 파일이나 회의 메모를 올리면 핵심 내용, 할 일, 담당자, 마감일을 정리해주는 서비스입니다. 학생 팀플이나 동아리에서 실제로 쓰기 좋습니다. ​ 2. 자기소개서/이력서 피드백 서비스 사용자가 자소서를 입력하면 문장 흐름, 직무 적합도, 반복 표현, 부족한 경험 설명을 피드백해주는 서비스입니다. 포트폴리오로 보여주기도 좋습니다. ​ 3. 공부 계획 자동 생성 서비스 시험 날짜, 과목, 남은 기간을 입력하면 하루 단위 공부 계획과 복습 일정을 만들어주는 서비스입니다. 캘린더 기능까지 붙이면 완성도가 높아집니다. ​ 4. 블로그/뉴스 요약 및 태그 추천 서비스 URL이나 긴 글을 넣으면 요약, 핵심 키워드, 제목 후보, 카테고리 추천을 해주는 서비스입니다. 실제 운영자들이 쓸 수 있어서 실용성이 있습니다. ​ 5. 민원/지원금 문서 쉽게 설명해주는 서비스 복잡한 공고문을 넣으면 신청 대상, 필요 서류, 마감일, 주의사항을 쉽게 정리해주는 서비스입니다. ​ 개 인적으로는 “회의록 자동 정리”나 “공부 계획 자동 생성”이 팀프로젝트로 가장 무난합니다. 기능 범위가 명확하고, 로그인/파일 업로드/AI 요약/저장/공유까지 넣으면 웹 서비스 포트폴리오로 설명하기 좋습니다. ​ AI 서비스를 만들 때는 프롬프트를 어떻게 짜느냐가 결과물 품질에 크게 영향을 줍니다. 프롬프트 작성 기본은 여기에도 정리해뒀습니다. https://lifeisonecoin.com/posts/chatgpt-prompt-writing-guide/","안녕하세요, 개발에 깊은 관심이 있는 학생입니다. 교내에서 실용적인 혹은 사용 할 수 있는 서비스 개발을 하려 합니다 실제 사용 가능한 서비스/웹/앱 AI 기술 활용 포트폴리오용으로 쓸 수 있는 아이디어 해당 조건과 같이 고려해 주시면 좋겠습니다 웹 서비스 개발 및 배포 경험이 있습니다. 비슷한 프로젝트 해보신 분이나 아이디어 있으신 분 추천 부탁드립니다! 포트폴리오용이라면 “AI를 썼다”보다 실제 사용자가 문제를 해결할 수 있는 서비스가 좋아 보입니다. ​ 몇 가지 추천드리면요. ​ 1. 회의록 자동 정리 웹앱 음성 파일이나 회의 메모를 올리면 핵심 내용, 할 일, 담당자, 마감일을 정리해주는 서비스입니다. 학생 팀플이나 동아리에서 실제로 쓰기 좋습니다. ​ 2. 자기소개서/이력서 피드백 서비스 사용자가 자소서를 입력하면 문장 흐름, 직무 적합도, 반복 표현, 부족한 경험 설명을 피드백해주는 서비스입니다. 포트폴리오로 보여주기도 좋습니다. ​ 3. 공부 계획 자동 생성 서비스 시험 날짜, 과목, 남은 기간을 입력하면 하루 단위 공부 계획과 복습 일정을 만들어주는 서비스입니다. 캘린더 기능까지 붙이면 완성도가 높아집니다. ​ 4. 블로그/뉴스 요약 및 태그 추천 서비스 URL이나 긴 글을 넣으면 요약, 핵심 키워드, 제목 후보, 카테고리 추천을 해주는 서비스입니다. 실제 운영자들이 쓸 수 있어서 실용성이 있습니다. ​ 5. 민원/지원금 문서 쉽게 설명해주는 서비스 복잡한 공고문을 넣으면 신청 대상, 필요 서류, 마감일, 주의사항을 쉽게 정리해주는 서비스입니다. ​ 개 인적으로는 “회의록 자동 정리”나 “공부 계획 자동 생성”이 팀프로젝트로 가장 무난합니다. 기능 범위가 명확하고, 로그인/파일 업로드/AI 요약/저장/공유까지 넣으면 웹 서비스 포트폴리오로 설명하기 좋습니다. ​ AI 서비스를 만들 때는 프롬프트를 어떻게 짜느냐가 결과물 품질에 크게 영향을 줍니다. 프롬프트 작성 기본은 여기에도 정리해뒀습니다. https://lifeisonecoin.com/posts/chatgpt-prompt-writing-guide/"
1,494166703,제 비쥬얼스튜디오코드가 이상해요!! 도와주세요!!,https://kin.naver.com/qna/detail.naver?d1id=1&dirId=10405&docId=494166703,2026.07.05.,,제 비쥬얼스튜디오코드가 이상해요!! 도와주세요!! 프로그래머 UP 2 2 2026.07.05.,"* 이상한 제 비쥬얼스튜디오 코드입니다. * 제대로 된 비쥬얼스튜디오코드입니다. 제가 요즘 디자인공부를 하는데 비쥬얼스튜디오코드에 관련된 질문을 드립니다. 제 비쥬얼스튜디오코드가 갑자기 이상해져서 도저히 공부를 못하겠습니다. 저는 내년쯤에 좋은 가게를 차려서 일하기 위해 열심히 공부하고 있는데, 갑자기 비쥬얼스튜디오코드에 이상이 생겨서 비쥬얼스튜디오코드를 좀처럼 쓸 수가 없습니다. 이미지 제일 윗쪽의 이미지가 바로 제 비쥬얼스튜디오코드인데, 갑자기 문자색이 이렇게 나와서 공부하기가 어렵고 힘이 듭니다. 반면 아랫쪽 이미지의 비쥬얼스튜디오코드가 바로 색이 정상으로 나오는데, 저만 비쥬얼스튜디오코드에 문제가 생겨서 도저히 공부를 할 수가 없습니다. 저는 요즘도 디자인공부를 하고 있으나 비쥬얼스튜디오코드 하나 때문에 공부를 도저히 하기가 어려운 실정입니다. 갖은 방법을 다해도 그 때 뿐입니다. 그럼 제 비쥬얼스튜디오코드를 어떻게 해야 아랫쪽 이미지처럼 정상으로 되돌릴 수 있을까요? 저는 비쥬얼스튜디오코드를 지웠다 다시 깔아놓았는데도 그 때 뿐이니 정말 어이가 없습니다. 저는 요새 날이 더워서 공부를 해야 하는데, 비쥬얼스튜디오코드에 말썽이 있는 바람에 공부를 할 수가 없습니다. 이거 진짜 저로서는 큰 실망입니다. 그럼 비쥬얼스튜디오를 어떻게 해야 아랫쪽 이미지처럼 정상으로 되돌릴 수 있는 방법을 좀 알려주세요! 저는 더울 때는 공부를 열심히 하고 싶습니다. 내공 10을 걸겠습니다. 저는 더울 때는 공부하고 시원할 때는 신나게 노는 사람입니다.","애초에 둘다 지극히 정상인데요..? 뭐가 말썽이라는 건지?

---답변 구분---

색상테마나 확장문제일 가능성이 커요^^ Ctrl+Shift+P에서 Color Theme 다시 바꿔보세요~ 확장프로그램 끄고 하나씩 켜보는게 좋아요~ settings.json 초기화도 해보세요~ 밥은 챙겨먹고 쉬엄쉬엄 해요^^","* 이상한 제 비쥬얼스튜디오 코드입니다. * 제대로 된 비쥬얼스튜디오코드입니다. 제가 요즘 디자인공부를 하는데 비쥬얼스튜디오코드에 관련된 질문을 드립니다. 제 비쥬얼스튜디오코드가 갑자기 이상해져서 도저히 공부를 못하겠습니다. 저는 내년쯤에 좋은 가게를 차려서 일하기 위해 열심히 공부하고 있는데, 갑자기 비쥬얼스튜디오코드에 이상이 생겨서 비쥬얼스튜디오코드를 좀처럼 쓸 수가 없습니다. 이미지 제일 윗쪽의 이미지가 바로 제 비쥬얼스튜디오코드인데, 갑자기 문자색이 이렇게 나와서 공부하기가 어렵고 힘이 듭니다. 반면 아랫쪽 이미지의 비쥬얼스튜디오코드가 바로 색이 정상으로 나오는데, 저만 비쥬얼스튜디오코드에 문제가 생겨서 도저히 공부를 할 수가 없습니다. 저는 요즘도 디자인공부를 하고 있으나 비쥬얼스튜디오코드 하나 때문에 공부를 도저히 하기가 어려운 실정입니다. 갖은 방법을 다해도 그 때 뿐입니다. 그럼 제 비쥬얼스튜디오코드를 어떻게 해야 아랫쪽 이미지처럼 정상으로 되돌릴 수 있을까요? 저는 비쥬얼스튜디오코드를 지웠다 다시 깔아놓았는데도 그 때 뿐이니 정말 어이가 없습니다. 저는 요새 날이 더워서 공부를 해야 하는데, 비쥬얼스튜디오코드에 말썽이 있는 바람에 공부를 할 수가 없습니다. 이거 진짜 저로서는 큰 실망입니다. 그럼 비쥬얼스튜디오를 어떻게 해야 아랫쪽 이미지처럼 정상으로 되돌릴 수 있는 방법을 좀 알려주세요! 저는 더울 때는 공부를 열심히 하고 싶습니다. 내공 10을 걸겠습니다. 저는 더울 때는 공부하고 시원할 때는 신나게 노는 사람입니다. 애초에 둘다 지극히 정상인데요..? 뭐가 말썽이라는 건지? ---답변 구분--- 색상테마나 확장문제일 가능성이 커요^^ Ctrl+Shift+P에서 Color Theme 다시 바꿔보세요~ 확장프로그램 끄고 하나씩 켜보는게 좋아요~ settings.json 초기화도 해보세요~ 밥은 챙겨먹고 쉬엄쉬엄 해요^^"
1,494133697,제미나이 pdf 파일 생성 질문입니다.,https://kin.naver.com/qna/detail.naver?d1id=1&dirId=10405&docId=494133697,2026.07.02.,,제미나이 pdf 파일 생성 질문입니다. 프로그래머 UP 0 2 2026.07.02.,"참고로 ai도구 생초보입니다. 제미나이 프로 쓰고 있구요. 3만원짜리. 정말 며칠을 찾아보고 난리를 쳐도 pdf 생성이 계속 안되서 화가 너무 납니다. 일단 채팅방이 어떨땐 생성되고, 어떨땐 안되요. 어떨땐 바로 화면에 pdf 생성되서 누르면 보이고 저장할 수 있게 나옵니다. 그래서 그 채팅방을 계속 쓰면 과부하가 걸리는지 대답을 멈춰버려요. 그래서 새채팅방을 만들어서 pdf 만들어달라고하면 어떤때는 권한이 없다 파이썬 어쩌고 해서 그럼 다 허가할테니 만들어달라고해도 안만들어주고 그냥 채팅창에 쭈우욱 써놓구요. 어떤때는 doc파일로 저장해서 pdf로 뽑으라고 해요. (근데 doc파일에서 pdf로 다운받으면 제가 원하는 서식이 제대로 안나와요, 예를들면 쪽맞춤이라던지 줄넘김이라던지,,, pdf에서는 잘나오구요) 어떤대는 Your PDF file is ready [file-tag: code-generated-file-Week3-Thursday-Report-0702] 이따구로 나와요. 유튜브나 블로그같은거 찾아봐도 아주 잘 노출되던데. doc파일,ppt파일,pdf파일 다 바로 클릭할 수 있게 나오는데.... 대체 왜 제 제미나이는 계속 이따구로 채팅방마다 헛소리를 하는지. 어떤 명령어를 내려야 동일하게 pdf가 나오는지 너무 궁금합니다. 혹시나 해서 기본세팅? 그런거 다 지웠는데도 안되요. ai 고수분들 제발 부탁드립니다 ㅠㅠㅠㅠㅠ 참고사진 첨부합니다 ㅠㅠ","제미나이 pdf 파일 생성 질문입니다 질문이시네요. ​ 제미나이 프로에서 PDF 파일을 생성하는 과정에서 발생하는 문제를 해결하기 위해 몇 가지 방법과 참고 사항을 안내드리겠습니다. ​ 1. 서버 과부하와 채팅 세션 문제 제미나이(Genymotion 등 가상머신이나 특정 AI 도구가 아닌 것으로 추정됨)에서 채팅 세션이 불안정하거나 서버 부하로 인해 PDF 생성이 잘 안 되는 경우가 있습니다. 이럴 땐 다음 방법을 시도해보세요. • 불필요한 채팅 세션 종료 후 새로 시작하기 • 일정 시간 간격으로 채팅을 사용하는 대신, 한 번에 큰 내용을 정리해서 보내기 • 브라우저 또는 프로그램을 재시작 후 다시 시도하기 • 인터넷 연결이 안정적인지 체크하기 ​ 2. 권한 문제와 파이썬 오류 메시지 ""권한이 없다"" 또는 ""파이썬 관련 에러""는 파일 저장 권한이나, AI 도구 자체의 작업 제한 때문에 발생할 수 있습니다. • 컴퓨터 또는 클라우드 서비스의 저장 폴더 권한 확인 • 관리자 권한으로 프로그램 실행하기 • 최신 버전으로 업데이트하기 • 필요시 고객 지원 또는 공식 포럼에 문의해 특정 권한 문제 해결 요청하기 ​ 3. PDF 변환 시 서식 문제 일반적으로 DOC 파일에서 PDF로 저장하면 서식이 깨지거나 누락될 수 있습니다. 이를 방지하기 위해서는: • MS Word 또는 구글 문서(google docs)를 활용해서 최종 문서를 서식을 꼼꼼히 맞추기 • 문서의 쪽맞춤, 줄넘김, 글꼴 등을 미리 조정하기 • 문서를 PDF로 저장할 때 '인쇄 용 PDF로 저장' 또는 '내보내기' 기능을 사용해서 서식을 유지하는 것이 일반적입니다 • 또는, 무료 온라인 PDF 변환 도구를 이용해서 질 좋은 결과를 얻을 수 있습니다 (예: Smallpdf, iLovePDF 등) ​ 4. PDF 생성이 계속 실패하는 경우 • 내용이 너무 많거나 복잡한 경우, 일부 텍스트 또는 이미지만 먼저 PDF로 변환 후 다시 병합하는 방법도 고려하세요. • PDF 편집 프로그램(Adobe Acrobat, Foxit, Nitro PDF 등)을 활용해서 개별적으로 최종 서식을 수동으로 맞추는 것도 방법입니다. ​ 5. 최선의 해결책 • 가능하다면, 제미나이에서 바로 PDF로 내보내기 전, 문서를 Word로 저장 후 엑셀 또는 워드 내에서 서식을 후처리하세요. • 이후 Word 프로그램 내에서 직접 PDF로 저장하는 것이 서식 유지에 더 유리합니다. • 온라인 또는 데스크톱 PDF 변환 프로그램을 활용해 서식을 유지하면서 PDF로 변환하는 것도 고려하세요. ​ 요약하면, 가장 안정적인 작업 흐름은 먼저 Word에서 작업을 마무리한 후, 직접 PDF로 '내보내기' 또는 '저장'하는 것! 그 과정에서 서식을 꼼꼼히 체크하고, 필요시 변환 도구를 활용하는 것이 좋습니다. 또한, 프로그램과 서버의 상태를 수시로 체크하며 일관된 작업 환경을 만들어 주세요. ​ 답변이 도움 되셨다면 채택 부탁드립니다^^ 추가 문의는 채택 후 답변해드립니다.

---답변 구분---

제미나이 pdf 파일 생성 질문입니다에 대해 말씀드리겠습니다. ​ 제미나이 프로(혹은 그 유사한 AI 도구)에서 PDF 파일 생성이 어려움과 관련된 문제를 해결하기 위해 몇 가지 핵심 포인트와 실용적인 방법을 안내해 드리겠습니다. ​ 1. 서버 부하와 채팅방 제한: 제미나이 같은 AI 도구는 서버 부하, 채팅 세션의 제한, 또는 사용자 권한에 따라 기능이 제한될 수 있습니다. 채팅 방을 오래 사용하거나 많은 요청을 보내면 서버가 과부하 상태가 되어 일부 기능이 작동하지 않을 수 있습니다. ​ 2. 채팅 세션 방식 차이: 일부 세션에서는 충돌이 잦거나 일시 정지, 또는 제한이 발생할 수 있습니다. 따라서 새로운 채팅방을 만들어서 다시 시도하는 것이 도움이 될 수 있는데, 이 때도 서버 제한이나 권한 문제로 인해 계속 실패하는 경우가 있습니다. ​ 3. 권한 문제와 파이썬 오류: 권한이 없다는 메시지 또는 파이썬 관련 오류는, 해당 기능을 사용하기 위해 필요한 권한 또는 도구(예: 파이썬 인터프리터, 플러그인)가 활성화되지 않거나 버전 문제일 수 있습니다. 설정 또는 업데이트가 필요할 수 있는데, 이 부분은 공식 도움말이나 고객센터에서 상세 안내를 받는 것도 좋습니다. ​ 4. PDF 생성하는 방법: 일반적으로 제미나이와 같은 AI 도구는 바로 PDF 만드는 기능이 내장되어 있지 않거나 제한적일 수 있습니다. 대신 텍스트를 먼저 복사해서 워드 프로세서(예: MS Word, 구글 문서) 또는 무료 온라인 PDF 변환 도구를 이용하는 것도 방법입니다. 내용을 복사하여 문서에 붙여넣고, 저장 또는 내보내기 기능으로 PDF로 변환하는 방식입니다. ​ 5. 권장 해결책 • 창을 새로 열고 로그인 상태를 유지하며 요청을 반복하세요. • 가능하다면, 사용량이 적은 시간대(예: 새벽 시간 등)를 이용하세요. • 수시로 저장하거나, 텍스트를 복사해서 외부 도구(예: freepdf.com, smallpdf.com 등)로 PDF로 변환하세요. • 도구 내에서 ""설정"" 또는 ""권한"" 관련 메뉴를 살펴보아 파이썬 또는 기타 기능의 활성화를 시도하세요. • 유료 버전(프로)의 경우 고객 지원 센터에 문의하여, 서버 과부하 또는 권한 문제를 해결하는 안내를 받는 것이 가장 빠른 해결책입니다. ​ 이와 같이, 제미나이 프로 및 유사 도구에서 PDF 생성에 계속 문제가 발생한다면, 외부 도구와 병행하는 것이 가장 실용적입니다. 또한, 공식 고객센터 또는 FAQ를 통해 최신 정보를 확인하는 것도 좋습니다. ​ 도움이 되셨다면 채택 부탁드립니다^^ 추가 질문은 채택 후 답변드립니다.","참고로 ai도구 생초보입니다. 제미나이 프로 쓰고 있구요. 3만원짜리. 정말 며칠을 찾아보고 난리를 쳐도 pdf 생성이 계속 안되서 화가 너무 납니다. 일단 채팅방이 어떨땐 생성되고, 어떨땐 안되요. 어떨땐 바로 화면에 pdf 생성되서 누르면 보이고 저장할 수 있게 나옵니다. 그래서 그 채팅방을 계속 쓰면 과부하가 걸리는지 대답을 멈춰버려요. 그래서 새채팅방을 만들어서 pdf 만들어달라고하면 어떤때는 권한이 없다 파이썬 어쩌고 해서 그럼 다 허가할테니 만들어달라고해도 안만들어주고 그냥 채팅창에 쭈우욱 써놓구요. 어떤때는 doc파일로 저장해서 pdf로 뽑으라고 해요. (근데 doc파일에서 pdf로 다운받으면 제가 원하는 서식이 제대로 안나와요, 예를들면 쪽맞춤이라던지 줄넘김이라던지,,, pdf에서는 잘나오구요) 어떤대는 Your PDF file is ready [file-tag: code-generated-file-Week3-Thursday-Report-0702] 이따구로 나와요. 유튜브나 블로그같은거 찾아봐도 아주 잘 노출되던데. doc파일,ppt파일,pdf파일 다 바로 클릭할 수 있게 나오는데.... 대체 왜 제 제미나이는 계속 이따구로 채팅방마다 헛소리를 하는지. 어떤 명령어를 내려야 동일하게 pdf가 나오는지 너무 궁금합니다. 혹시나 해서 기본세팅? 그런거 다 지웠는데도 안되요. ai 고수분들 제발 부탁드립니다 ㅠㅠㅠㅠㅠ 참고사진 첨부합니다 ㅠㅠ 제미나이 pdf 파일 생성 질문입니다 질문이시네요. ​ 제미나이 프로에서 PDF 파일을 생성하는 과정에서 발생하는 문제를 해결하기 위해 몇 가지 방법과 참고 사항을 안내드리겠습니다. ​ 1. 서버 과부하와 채팅 세션 문제 제미나이(Genymotion 등 가상머신이나 특정 AI 도구가 아닌 것으로 추정됨)에서 채팅 세션이 불안정하거나 서버 부하로 인해 PDF 생성이 잘 안 되는 경우가 있습니다. 이럴 땐 다음 방법을 시도해보세요. • 불필요한 채팅 세션 종료 후 새로 시작하기 • 일정 시간 간격으로 채팅을 사용하는 대신, 한 번에 큰 내용을 정리해서 보내기 • 브라우저 또는 프로그램을 재시작 후 다시 시도하기 • 인터넷 연결이 안정적인지 체크하기 ​ 2. 권한 문제와 파이썬 오류 메시지 ""권한이 없다"" 또는 ""파이썬 관련 에러""는 파일 저장 권한이나, AI 도구 자체의 작업 제한 때문에 발생할 수 있습니다. • 컴퓨터 또는 클라우드 서비스의 저장 폴더 권한 확인 • 관리자 권한으로 프로그램 실행하기 • 최신 버전으로 업데이트하기 • 필요시 고객 지원 또는 공식 포럼에 문의해 특정 권한 문제 해결 요청하기 ​ 3. PDF 변환 시 서식 문제 일반적으로 DOC 파일에서 PDF로 저장하면 서식이 깨지거나 누락될 수 있습니다. 이를 방지하기 위해서는: • MS Word 또는 구글 문서(google docs)를 활용해서 최종 문서를 서식을 꼼꼼히 맞추기 • 문서의 쪽맞춤, 줄넘김, 글꼴 등을 미리 조정하기 • 문서를 PDF로 저장할 때 '인쇄 용 PDF로 저장' 또는 '내보내기' 기능을 사용해서 서식을 유지하는 것이 일반적입니다 • 또는, 무료 온라인 PDF 변환 도구를 이용해서 질 좋은 결과를 얻을 수 있습니다 (예: Smallpdf, iLovePDF 등) ​ 4. PDF 생성이 계속 실패하는 경우 • 내용이 너무 많거나 복잡한 경우, 일부 텍스트 또는 이미지만 먼저 PDF로 변환 후 다시 병합하는 방법도 고려하세요. • PDF 편집 프로그램(Adobe Acrobat, Foxit, Nitro PDF 등)을 활용해서 개별적으로 최종 서식을 수동으로 맞추는 것도 방법입니다. ​ 5. 최선의 해결책 • 가능하다면, 제미나이에서 바로 PDF로 내보내기 전, 문서를 Word로 저장 후 엑셀 또는 워드 내에서 서식을 후처리하세요. • 이후 Word 프로그램 내에서 직접 PDF로 저장하는 것이 서식 유지에 더 유리합니다. • 온라인 또는 데스크톱 PDF 변환 프로그램을 활용해 서식을 유지하면서 PDF로 변환하는 것도 고려하세요. ​ 요약하면, 가장 안정적인 작업 흐름은 먼저 Word에서 작업을 마무리한 후, 직접 PDF로 '내보내기' 또는 '저장'하는 것! 그 과정에서 서식을 꼼꼼히 체크하고, 필요시 변환 도구를 활용하는 것이 좋습니다. 또한, 프로그램과 서버의 상태를 수시로 체크하며 일관된 작업 환경을 만들어 주세요. ​ 답변이 도움 되셨다면 채택 부탁드립니다^^ 추가 문의는 채택 후 답변해드립니다. ---답변 구분--- 제미나이 pdf 파일 생성 질문입니다에 대해 말씀드리겠습니다. ​ 제미나이 프로(혹은 그 유사한 AI 도구)에서 PDF 파일 생성이 어려움과 관련된 문제를 해결하기 위해 몇 가지 핵심 포인트와 실용적인 방법을 안내해 드리겠습니다. ​ 1. 서버 부하와 채팅방 제한: 제미나이 같은 AI 도구는 서버 부하, 채팅 세션의 제한, 또는 사용자 권한에 따라 기능이 제한될 수 있습니다. 채팅 방을 오래 사용하거나 많은 요청을 보내면 서버가 과부하 상태가 되어 일부 기능이 작동하지 않을 수 있습니다. ​ 2. 채팅 세션 방식 차이: 일부 세션에서는 충돌이 잦거나 일시 정지, 또는 제한이 발생할 수 있습니다. 따라서 새로운 채팅방을 만들어서 다시 시도하는 것이 도움이 될 수 있는데, 이 때도 서버 제한이나 권한 문제로 인해 계속 실패하는 경우가 있습니다. ​ 3. 권한 문제와 파이썬 오류: 권한이 없다는 메시지 또는 파이썬 관련 오류는, 해당 기능을 사용하기 위해 필요한 권한 또는 도구(예: 파이썬 인터프리터, 플러그인)가 활성화되지 않거나 버전 문제일 수 있습니다. 설정 또는 업데이트가 필요할 수 있는데, 이 부분은 공식 도움말이나 고객센터에서 상세 안내를 받는 것도 좋습니다. ​ 4. PDF 생성하는 방법: 일반적으로 제미나이와 같은 AI 도구는 바로 PDF 만드는 기능이 내장되어 있지 않거나 제한적일 수 있습니다. 대신 텍스트를 먼저 복사해서 워드 프로세서(예: MS Word, 구글 문서) 또는 무료 온라인 PDF 변환 도구를 이용하는 것도 방법입니다. 내용을 복사하여 문서에 붙여넣고, 저장 또는 내보내기 기능으로 PDF로 변환하는 방식입니다. ​ 5. 권장 해결책 • 창을 새로 열고 로그인 상태를 유지하며 요청을 반복하세요. • 가능하다면, 사용량이 적은 시간대(예: 새벽 시간 등)를 이용하세요. • 수시로 저장하거나, 텍스트를 복사해서 외부 도구(예: freepdf.com, smallpdf.com 등)로 PDF로 변환하세요. • 도구 내에서 ""설정"" 또는 ""권한"" 관련 메뉴를 살펴보아 파이썬 또는 기타 기능의 활성화를 시도하세요. • 유료 버전(프로)의 경우 고객 지원 센터에 문의하여, 서버 과부하 또는 권한 문제를 해결하는 안내를 받는 것이 가장 빠른 해결책입니다. ​ 이와 같이, 제미나이 프로 및 유사 도구에서 PDF 생성에 계속 문제가 발생한다면, 외부 도구와 병행하는 것이 가장 실용적입니다. 또한, 공식 고객센터 또는 FAQ를 통해 최신 정보를 확인하는 것도 좋습니다. ​ 도움이 되셨다면 채택 부탁드립니다^^ 추가 질문은 채택 후 답변드립니다."
1,494118560,"셀트리온 바이오 부트캠프 '셀인', 취업 지원 프로그램 효과...",https://kin.naver.com/qna/detail.naver?d1id=1&dirId=10405&docId=494118560,2026.07.01.,,"셀트리온 바이오 부트캠프 '셀인', 취업 지원 프로그램 효과... 프로그래머 UP 0 0 2026.07.01.","셀트리온의 '셀인' 부트캠프가 취업 지원도 해준다고 들었는데, 실제로 이 프로그램을 통해 취업에 성공한 사례가 있는지 궁금합니다. 1대1 맞춤형 컨설팅이나 모의면접 같은 지원이 실질적으로 도움이 되었는지, 그리고 참여하신 분들 중에 취업에 어려움을 겪었던 경험이 어떻게 개선되었는지 듣고 싶어요. 혹시 주변에 이 프로그램을 통해 취업에 성공한 사람이 있다면 이야기 좀 들려주세요.",,"셀트리온의 '셀인' 부트캠프가 취업 지원도 해준다고 들었는데, 실제로 이 프로그램을 통해 취업에 성공한 사례가 있는지 궁금합니다. 1대1 맞춤형 컨설팅이나 모의면접 같은 지원이 실질적으로 도움이 되었는지, 그리고 참여하신 분들 중에 취업에 어려움을 겪었던 경험이 어떻게 개선되었는지 듣고 싶어요. 혹시 주변에 이 프로그램을 통해 취업에 성공한 사람이 있다면 이야기 좀 들려주세요."
1,494055583,제미나이 특수문자 못 바꾸나요,https://kin.naver.com/qna/detail.naver?d1id=1&dirId=10405&docId=494055583,2026.06.28.,,제미나이 특수문자 못 바꾸나요 프로그래머 UP 1 2 끌올 2026.06.28.,문제 볼 때마다 너무 힘들어여ㅠㅠ,"제미나이가 답변할 때 특수문자나 수식 기호가 많이 섞여서 보기 힘든 경우가 있습니다. 보통 수식, 코드, 마크다운 형식으로 답하려고 해서 그런 경우가 많습니다. ​ 질문할 때 아래처럼 조건을 같이 넣어보세요. ​ “특수문자나 수식 기호를 최대한 쓰지 말고 설명해줘.” “마크다운 형식 말고 일반 문장으로 써줘.” “표, 코드블록, LaTeX 문법 없이 한글로 풀어서 설명해줘.” “기호 대신 말로 설명해줘.” ​ 예를 들면 이렇게 입력하면 됩니다. ​ ""문제를 풀어줘. 단, 특수문자나 수식 기호는 최소화하고, 중학생도 이해할 수 있게 한글 문장으로 단계별 설명해줘."" ​ 그래도 계속 이상하게 나오면 답변 뒤에 “위 내용을 특수문자 없이 다시 정리해줘”라고 한 번 더 요청하면 대부분 깔끔하게 바뀝니다. ​ 프롬프트를 어떻게 쓰면 원하는 답변이 나오는지 정리해둔 글도 있어 참고해보셔도 됩니다. https://lifeisonecoin.com/posts/chatgpt-prompt-writing-guide/

---답변 구분---

안녕하세요. 제미나이 특수문자 못 바꾸나요에 대해 답변드립니다. ​ 제미나이( Gemini) 특수문자를 변경하려면 사용하는 플랫폼이나 프로그램에 따라 방법이 다를 수 있습니다. 일반적으로 제미나이(Gemini)라는 단어 자체가 어떤 특정 문자셋이나 암호, 또는 소프트웨어를 의미한다면, 다음과 같은 방법을 시도해 볼 수 있습니다. ​ 1. 문자셋 또는 폰트 변경: 텍스트 입력 또는 편집 환경에서 사용하는 폰트 또는 문자셋을 변경하면 특수문자가 바뀔 수 있습니다. 예를 들어, 유니코드 지원 폰트로 바꾸거나, 다르게 보여지는 폰트를 선택하세요. ​ 2. 텍스트 교체: 텍스트를 복사하여 문자 교체 도구(예: 텍스트 편집기 또는 온라인 교체 도구)를 사용해서 특수문자를 다른 문자로 바꿀 수 있습니다. ​ 3. 입력 방법 변경: 특정 환경에서는 특수문자 입력 방법을 변경해야 할 수 있습니다. 예를 들어, 윈도우에서는 문자표(Charmap)를 열거나, Mac에서는 특수 문자 입력 단축키를 사용할 수 있습니다. ​ 4. 프로그램별 설정: 사용하는 소프트웨어(예: 워드프로세서, 채팅 프로그램, 코드 편집기 등)에서 문자교체 또는 편집 기능이 있다면, 이를 활용해서 특수문자를 변경하세요. ​ 만약 ""제미나이 특수문자""가 어떤 특정 프로그램이나 플랫폼 내의 문자라면, 그 플랫폼의 문자 또는 글꼴 설정 메뉴를 살펴보거나, 텍스트를 복사해서 특수문자 교체를 시도해 보세요. 구체적인 환경이나 플랫폼 정보를 알려주시면 더 맞춤형 방법을 안내드릴 수 있습니다. ​ 도움이 되셨다면 채택 부탁드립니다. 추가 질문은 채택 후 답변 가능합니다.","문제 볼 때마다 너무 힘들어여ㅠㅠ 제미나이가 답변할 때 특수문자나 수식 기호가 많이 섞여서 보기 힘든 경우가 있습니다. 보통 수식, 코드, 마크다운 형식으로 답하려고 해서 그런 경우가 많습니다. ​ 질문할 때 아래처럼 조건을 같이 넣어보세요. ​ “특수문자나 수식 기호를 최대한 쓰지 말고 설명해줘.” “마크다운 형식 말고 일반 문장으로 써줘.” “표, 코드블록, LaTeX 문법 없이 한글로 풀어서 설명해줘.” “기호 대신 말로 설명해줘.” ​ 예를 들면 이렇게 입력하면 됩니다. ​ ""문제를 풀어줘. 단, 특수문자나 수식 기호는 최소화하고, 중학생도 이해할 수 있게 한글 문장으로 단계별 설명해줘."" ​ 그래도 계속 이상하게 나오면 답변 뒤에 “위 내용을 특수문자 없이 다시 정리해줘”라고 한 번 더 요청하면 대부분 깔끔하게 바뀝니다. ​ 프롬프트를 어떻게 쓰면 원하는 답변이 나오는지 정리해둔 글도 있어 참고해보셔도 됩니다. https://lifeisonecoin.com/posts/chatgpt-prompt-writing-guide/ ---답변 구분--- 안녕하세요. 제미나이 특수문자 못 바꾸나요에 대해 답변드립니다. ​ 제미나이( Gemini) 특수문자를 변경하려면 사용하는 플랫폼이나 프로그램에 따라 방법이 다를 수 있습니다. 일반적으로 제미나이(Gemini)라는 단어 자체가 어떤 특정 문자셋이나 암호, 또는 소프트웨어를 의미한다면, 다음과 같은 방법을 시도해 볼 수 있습니다. ​ 1. 문자셋 또는 폰트 변경: 텍스트 입력 또는 편집 환경에서 사용하는 폰트 또는 문자셋을 변경하면 특수문자가 바뀔 수 있습니다. 예를 들어, 유니코드 지원 폰트로 바꾸거나, 다르게 보여지는 폰트를 선택하세요. ​ 2. 텍스트 교체: 텍스트를 복사하여 문자 교체 도구(예: 텍스트 편집기 또는 온라인 교체 도구)를 사용해서 특수문자를 다른 문자로 바꿀 수 있습니다. ​ 3. 입력 방법 변경: 특정 환경에서는 특수문자 입력 방법을 변경해야 할 수 있습니다. 예를 들어, 윈도우에서는 문자표(Charmap)를 열거나, Mac에서는 특수 문자 입력 단축키를 사용할 수 있습니다. ​ 4. 프로그램별 설정: 사용하는 소프트웨어(예: 워드프로세서, 채팅 프로그램, 코드 편집기 등)에서 문자교체 또는 편집 기능이 있다면, 이를 활용해서 특수문자를 변경하세요. ​ 만약 ""제미나이 특수문자""가 어떤 특정 프로그램이나 플랫폼 내의 문자라면, 그 플랫폼의 문자 또는 글꼴 설정 메뉴를 살펴보거나, 텍스트를 복사해서 특수문자 교체를 시도해 보세요. 구체적인 환경이나 플랫폼 정보를 알려주시면 더 맞춤형 방법을 안내드릴 수 있습니다. ​ 도움이 되셨다면 채택 부탁드립니다. 추가 질문은 채택 후 답변 가능합니다."
1,494063192,클로드 오류,https://kin.naver.com/qna/detail.naver?d1id=1&dirId=10405&docId=494063192,2026.06.27.,,클로드 오류 프로그래머 UP 1 2 2026.06.27.,클로드 이거 왜 이런가요ㅜ 제 친구는 오류 없이 쓰던데ㅜㅜ 도와주세요!,"안녕하세요. 클로드가 미성년자는 사용금지하는 정책을 펼치면서 국내에 아주 많은 계정이 해당 증상을 호소하고 계시고 여기서도 수많은 질문이 올라오고 있습니다. ​ 대부분은 미성년자로 의심되서 계정차단된 경우가 많으니 성인이시라면 클로드 쪽으로 문의를 해보시는 것을 권해드립니다.

---답변 구분---

안녕하세요? 지식파트너 가비아입니다. ​ 첨부해주신 화면은 클로드의 일반적인 오류 화면 으로, 특정한 오류 코드가 표시되지 않아 정확한 원인을 알 수는 없습니다. 다만 이 오류는 주로 아래와 같은 경우에 발생합니다. ​ 일시적인 서버 장애 인터넷 연결 불안정 무료 버전 사용량 초과 앱 또는 브라우저 오류 계정에 일시적인 제한이 발생한 경우 ​ 친구분은 정상적으로 사용되는데 질문자님만 이 화면이 계속 나온다면 계정 문제 일 가능성이 조금 더 높습니다. ​ 먼저 아래 방법을 순서대로 시도해 보세요. 앱을 완전히 종료한 뒤 다시 실행 로그아웃 후 다시 로그인 Wi-Fi와 모바일 데이터를 바꿔서 접속 웹 브라우저( https://claude.ai)에서도 동일한지 확인 다른 기기에서 로그인해 보기 ​ 만약 웹에서도 같은 오류가 발생한다면 계정 문제일 가능성이 높으므로 Anthropic 고객센터에 문의하는 것이 좋습니다. 반대로 웹에서는 정상인데 앱만 오류가 난다면 앱을 삭제 후 재설치하면 해결되는 경우도 많습니다. 도움이 되었나요? 가비아였습니다. www.gabia.com 웹을 넘어 클라우드로. 가비아 그룹웨어부터 멀티클라우드까지 하나의 클라우드 허브 www.gabia.com ​","클로드 이거 왜 이런가요ㅜ 제 친구는 오류 없이 쓰던데ㅜㅜ 도와주세요! 안녕하세요. 클로드가 미성년자는 사용금지하는 정책을 펼치면서 국내에 아주 많은 계정이 해당 증상을 호소하고 계시고 여기서도 수많은 질문이 올라오고 있습니다. ​ 대부분은 미성년자로 의심되서 계정차단된 경우가 많으니 성인이시라면 클로드 쪽으로 문의를 해보시는 것을 권해드립니다. ---답변 구분--- 안녕하세요? 지식파트너 가비아입니다. ​ 첨부해주신 화면은 클로드의 일반적인 오류 화면 으로, 특정한 오류 코드가 표시되지 않아 정확한 원인을 알 수는 없습니다. 다만 이 오류는 주로 아래와 같은 경우에 발생합니다. ​ 일시적인 서버 장애 인터넷 연결 불안정 무료 버전 사용량 초과 앱 또는 브라우저 오류 계정에 일시적인 제한이 발생한 경우 ​ 친구분은 정상적으로 사용되는데 질문자님만 이 화면이 계속 나온다면 계정 문제 일 가능성이 조금 더 높습니다. ​ 먼저 아래 방법을 순서대로 시도해 보세요. 앱을 완전히 종료한 뒤 다시 실행 로그아웃 후 다시 로그인 Wi-Fi와 모바일 데이터를 바꿔서 접속 웹 브라우저( https://claude.ai)에서도 동일한지 확인 다른 기기에서 로그인해 보기 ​ 만약 웹에서도 같은 오류가 발생한다면 계정 문제일 가능성이 높으므로 Anthropic 고객센터에 문의하는 것이 좋습니다. 반대로 웹에서는 정상인데 앱만 오류가 난다면 앱을 삭제 후 재설치하면 해결되는 경우도 많습니다. 도움이 되었나요? 가비아였습니다. www.gabia.com 웹을 넘어 클라우드로. 가비아 그룹웨어부터 멀티클라우드까지 하나의 클라우드 허브 www.gabia.com ​"
1,494055979,부팅시 시간이 오래 걸리고 커스가 제멋대로 움직이고 이것...,https://kin.naver.com/qna/detail.naver?d1id=1&dirId=10405&docId=494055979,2026.06.26.,,부팅시 시간이 오래 걸리고 커스가 제멋대로 움직이고 이것... 프로그래머 UP 0 3 2026.06.26.,부팅시 시간이 오래걸림. 커스 통제가 안되고. 원하지 않은 앱이 뜨고 이것 저것 앱이 마구 뜸니다 원인으 모르겠는데 치료 방법을 부탁드립니다.,"안전모드로 부팅 하시고 윈도우 실시간 검사를 통해 바이러스 및 악성코드 감염 여부를 확인해보세요. ​ 악성 프로그램이 의도적으로 과부하를 일으켜 사용자가 원하는대로 컴퓨터를 통제하지 못하게 하려고 하는 것 같네요.

---답변 구분---

부팅이 오래 걸리고 마우스 커서가 제멋대로 움직이며 원치 않는 앱들이 자꾸 뜨는 건 정말 답답하셨겠어요. 주로 악성코드 감염이나 시스템 파일 손상, 또는 하드웨어 문제일 가능성이 커요. ​ 일단 가장 먼저 악성코드 검사를 해보는 게 좋아요. 윈도우 보안 설정에서 '바이러스 및 위협 방지' 들어가서 정밀 검사를 돌려보시거나, 알약이나 V3 같은 백신 프로그램 최신 버전으로 전체 검사를 해보세요. 악성코드나 바이러스가 발견되면 바로 치료하거나 격리, 삭제해야 합니다. ​ 만약 악성코드가 아니라면, 윈도우 시스템 파일이 손상되었을 수도 있어요. 명령 프롬프트를 관리자 권한으로 실행해서 'sfc /scannow' 명령어를 입력하고 엔터를 눌러보세요. 시스템 파일 검사 및 복구가 진행될 거예요. 끝나면 컴퓨터를 재부팅해보세요. ​ 그래도 해결이 안 되면, 시작 프로그램에 불필요한 앱들이 너무 많이 등록되어 있어서 부팅이 느려지는 걸 수도 있어요. 작업 관리자(Ctrl+Shift+Esc)를 열어서 '시작 앱' 탭에서 불필요한 프로그램들은 사용 안 함으로 바꿔두면 부팅 속도가 빨라질 수 있습니다. ​ 마지막으로, 하드웨어 문제일 가능성도 배제할 수 없어요. 특히 저장 장치(SSD/HDD)에 문제가 생기면 이런 증상이 나타나기도 하거든요. 혹시 다른 컴퓨터가 있다면 저장 장치나 메모리 등을 교차 테스트 해보는 것도 방법인데, 이건 좀 어려울 수 있으니 위 방법들로도 안 되면 서비스센터에 점검을 받아보시는 게 가장 정확할 거예요. 부디 잘 해결되시길 바랍니다! ​

---답변 구분---

부팅이 오래 걸리고 마우스 커서가 제멋대로 움직이면서 원치 않는 앱들이 자꾸 뜨는 건 정말 불편하셨겠어요. 이건 악성코드 감염이나 시스템 오류, 아니면 하드웨어 문제일 가능성이 커요. ​ 가장 먼저 윈도우 디펜더로 악성코드 검사를 해보세요. 윈도우 설정에서 '개인 정보 및 보안' > 'Windows 보안' > '바이러스 및 위협 방지'로 들어가서 '빠른 검사' 말고 '전체 검사'를 돌려보는 게 좋아요. 혹시 다른 백신 프로그램(알약, V3 등)이 깔려있다면 최신 버전으로 업데이트하고 전체 검사를 해보시고요. ​ 악성코드가 아니라면, 불필요한 시작 프로그램이 너무 많아서 그럴 수도 있어요. Ctrl + Shift + Esc 눌러서 작업 관리자를 연 다음 '시작 앱' 탭에서 불필요한 프로그램들은 '사용 안 함'으로 바꿔주면 부팅 속도가 훨씬 빨라질 수 있습니다. ​ 그래도 문제가 계속되면, 윈도우 시스템 파일이 손상됐을 수도 있어요. 명령 프롬프트를 관리자 권한으로 실행해서 'sfc /scannow'를 입력하고 엔터 누른 다음 재부팅해보세요. 시스템 파일 복구를 시도해줄 거예요. ​ 이 모든 걸 해봐도 안 된다면 저장 장치(SSD나 HDD)나 메모리 같은 하드웨어 쪽에 문제가 생겼을 가능성도 있어요. 이 경우는 전문 수리점에 점검을 받아보는 게 가장 정확할 거예요. ​","부팅시 시간이 오래걸림. 커스 통제가 안되고. 원하지 않은 앱이 뜨고 이것 저것 앱이 마구 뜸니다 원인으 모르겠는데 치료 방법을 부탁드립니다. 안전모드로 부팅 하시고 윈도우 실시간 검사를 통해 바이러스 및 악성코드 감염 여부를 확인해보세요. ​ 악성 프로그램이 의도적으로 과부하를 일으켜 사용자가 원하는대로 컴퓨터를 통제하지 못하게 하려고 하는 것 같네요. ---답변 구분--- 부팅이 오래 걸리고 마우스 커서가 제멋대로 움직이며 원치 않는 앱들이 자꾸 뜨는 건 정말 답답하셨겠어요. 주로 악성코드 감염이나 시스템 파일 손상, 또는 하드웨어 문제일 가능성이 커요. ​ 일단 가장 먼저 악성코드 검사를 해보는 게 좋아요. 윈도우 보안 설정에서 '바이러스 및 위협 방지' 들어가서 정밀 검사를 돌려보시거나, 알약이나 V3 같은 백신 프로그램 최신 버전으로 전체 검사를 해보세요. 악성코드나 바이러스가 발견되면 바로 치료하거나 격리, 삭제해야 합니다. ​ 만약 악성코드가 아니라면, 윈도우 시스템 파일이 손상되었을 수도 있어요. 명령 프롬프트를 관리자 권한으로 실행해서 'sfc /scannow' 명령어를 입력하고 엔터를 눌러보세요. 시스템 파일 검사 및 복구가 진행될 거예요. 끝나면 컴퓨터를 재부팅해보세요. ​ 그래도 해결이 안 되면, 시작 프로그램에 불필요한 앱들이 너무 많이 등록되어 있어서 부팅이 느려지는 걸 수도 있어요. 작업 관리자(Ctrl+Shift+Esc)를 열어서 '시작 앱' 탭에서 불필요한 프로그램들은 사용 안 함으로 바꿔두면 부팅 속도가 빨라질 수 있습니다. ​ 마지막으로, 하드웨어 문제일 가능성도 배제할 수 없어요. 특히 저장 장치(SSD/HDD)에 문제가 생기면 이런 증상이 나타나기도 하거든요. 혹시 다른 컴퓨터가 있다면 저장 장치나 메모리 등을 교차 테스트 해보는 것도 방법인데, 이건 좀 어려울 수 있으니 위 방법들로도 안 되면 서비스센터에 점검을 받아보시는 게 가장 정확할 거예요. 부디 잘 해결되시길 바랍니다! ​ ---답변 구분--- 부팅이 오래 걸리고 마우스 커서가 제멋대로 움직이면서 원치 않는 앱들이 자꾸 뜨는 건 정말 불편하셨겠어요. 이건 악성코드 감염이나 시스템 오류, 아니면 하드웨어 문제일 가능성이 커요. ​ 가장 먼저 윈도우 디펜더로 악성코드 검사를 해보세요. 윈도우 설정에서 '개인 정보 및 보안' > 'Windows 보안' > '바이러스 및 위협 방지'로 들어가서 '빠른 검사' 말고 '전체 검사'를 돌려보는 게 좋아요. 혹시 다른 백신 프로그램(알약, V3 등)이 깔려있다면 최신 버전으로 업데이트하고 전체 검사를 해보시고요. ​ 악성코드가 아니라면, 불필요한 시작 프로그램이 너무 많아서 그럴 수도 있어요. Ctrl + Shift + Esc 눌러서 작업 관리자를 연 다음 '시작 앱' 탭에서 불필요한 프로그램들은 '사용 안 함'으로 바꿔주면 부팅 속도가 훨씬 빨라질 수 있습니다. ​ 그래도 문제가 계속되면, 윈도우 시스템 파일이 손상됐을 수도 있어요. 명령 프롬프트를 관리자 권한으로 실행해서 'sfc /scannow'를 입력하고 엔터 누른 다음 재부팅해보세요. 시스템 파일 복구를 시도해줄 거예요. ​ 이 모든 걸 해봐도 안 된다면 저장 장치(SSD나 HDD)나 메모리 같은 하드웨어 쪽에 문제가 생겼을 가능성도 있어요. 이 경우는 전문 수리점에 점검을 받아보는 게 가장 정확할 거예요. ​"
1,494049109,지피티 이미지생성안됨,https://kin.naver.com/qna/detail.naver?d1id=1&dirId=10405&docId=494049109,2026.06.26.,,지피티 이미지생성안됨 프로그래머 UP 0 2 2026.06.26.,지피티 go버전으로 유료이용이중인데 어느순간부터 이미지생성을 안해줘요 해결방법없나요,"안녕하세요. 유료(Go/Plus) 이용 중인데 갑자기 이미지 생성이 되지 않는다면, 다음 사항을 확인해 보시는 것을 추천드립니다. 이미지 생성 한도에 도달한 경우 일정 시간 동안 생성 가능한 이미지 수를 모두 사용하면 일시적으로 생성이 제한될 수 있습니다. 몇 시간 정도 기다린 후 다시 시도해 보세요. ​ 2. 새 채팅에서 시도하기 기존 대화에서 오류가 발생한 경우가 있으므로, 새 채팅을 열어 이미지 생성을 요청해 보세요. ​ 3. 로그아웃 후 다시 로그인 계정을 다시 인증하면 일시적인 오류가 해결되는 경우가 있습니다. ​ 4. 앱 또는 브라우저 업데이트 앱을 사용 중이라면 최신 버전으로 업데이트하고,PC에서는 다른 브라우저(크롬, 엣지 등)에서도 한 번 시도해 보세요. ​ 5. 서비스 장애 여부 확인 일시적인 서버 오류나 점검으로 인해 이미지 생성이 정상적으로 작동하지 않을 수도 있습니다. 만약 위 방법을 모두 시도했는데도 계속 이미지 생성이 되지 않는다면, 아래 내용을 확인해 보시면 원인 파악에 도움이 됩니다. 오류 메시지가 뜨는지 ""이미지를 생성할 수 없습니다""처럼 안내가 나오는지 아예 응답이 없는지 특정 채팅에서만 안 되는지, 새 채팅에서도 동일한지 이 정보를 확인하면 원인을 조금 더 정확하게 파악할 수 있습니다.

---답변 구분---

유료 플랜 이용 중인데 이미지 생성이 갑자기 안 되는 경우는 몇 가지를 먼저 확인해보셔야 합니다. ​ 1. 일시적인 사용량 제한 이미지 생성은 텍스트 답변보다 제한이 더 빨리 걸릴 수 있습니다. 잠시 기다렸다가 다시 시도해보세요. ​ 2. 앱/브라우저 문제 모바일 앱에서 안 되면 PC 웹에서 해보고, PC에서 안 되면 로그아웃 후 재로그인, 앱 업데이트, 브라우저 캐시 삭제를 해보는 게 좋습니다. ​ 3. 모델 또는 기능 선택 문제 그냥 “그림 그려줘”라고 했을 때 이미지 생성이 안 되고 텍스트 답변만 하는 경우가 있습니다. “이미지로 생성해줘”, “정사각형 이미지로 만들어줘”처럼 명확하게 요청해보세요. ​ 4. 정책상 막히는 요청 실존 인물, 저작권 캐릭터, 민감한 이미지, 특정 스타일 모방 요청은 거절되거나 이미지 생성이 안 될 수 있습니다. 이 경우에는 표현을 조금 바꿔야 합니다. ​ 5. 계정/결제 반영 문제 유료 결제는 되어 있는데 기능이 계속 안 보이면 결제 상태나 플랜 적용 여부를 확인하고, 그래도 안 되면 고객센터 문의가 가장 빠릅니다. ​ 급하게 이미지가 필요하면 ChatGPT만 고집하지 말고 다른 AI 이미지 생성 사이트도 같이 써보는 게 좋습니다. 무료 이미지 생성 사이트 비교는 아래에 정리해둔 글이 있어 참고해보셔도 됩니다. https://lifeisonecoin.com/posts/free-ai-image-tools/","지피티 go버전으로 유료이용이중인데 어느순간부터 이미지생성을 안해줘요 해결방법없나요 안녕하세요. 유료(Go/Plus) 이용 중인데 갑자기 이미지 생성이 되지 않는다면, 다음 사항을 확인해 보시는 것을 추천드립니다. 이미지 생성 한도에 도달한 경우 일정 시간 동안 생성 가능한 이미지 수를 모두 사용하면 일시적으로 생성이 제한될 수 있습니다. 몇 시간 정도 기다린 후 다시 시도해 보세요. ​ 2. 새 채팅에서 시도하기 기존 대화에서 오류가 발생한 경우가 있으므로, 새 채팅을 열어 이미지 생성을 요청해 보세요. ​ 3. 로그아웃 후 다시 로그인 계정을 다시 인증하면 일시적인 오류가 해결되는 경우가 있습니다. ​ 4. 앱 또는 브라우저 업데이트 앱을 사용 중이라면 최신 버전으로 업데이트하고,PC에서는 다른 브라우저(크롬, 엣지 등)에서도 한 번 시도해 보세요. ​ 5. 서비스 장애 여부 확인 일시적인 서버 오류나 점검으로 인해 이미지 생성이 정상적으로 작동하지 않을 수도 있습니다. 만약 위 방법을 모두 시도했는데도 계속 이미지 생성이 되지 않는다면, 아래 내용을 확인해 보시면 원인 파악에 도움이 됩니다. 오류 메시지가 뜨는지 ""이미지를 생성할 수 없습니다""처럼 안내가 나오는지 아예 응답이 없는지 특정 채팅에서만 안 되는지, 새 채팅에서도 동일한지 이 정보를 확인하면 원인을 조금 더 정확하게 파악할 수 있습니다. ---답변 구분--- 유료 플랜 이용 중인데 이미지 생성이 갑자기 안 되는 경우는 몇 가지를 먼저 확인해보셔야 합니다. ​ 1. 일시적인 사용량 제한 이미지 생성은 텍스트 답변보다 제한이 더 빨리 걸릴 수 있습니다. 잠시 기다렸다가 다시 시도해보세요. ​ 2. 앱/브라우저 문제 모바일 앱에서 안 되면 PC 웹에서 해보고, PC에서 안 되면 로그아웃 후 재로그인, 앱 업데이트, 브라우저 캐시 삭제를 해보는 게 좋습니다. ​ 3. 모델 또는 기능 선택 문제 그냥 “그림 그려줘”라고 했을 때 이미지 생성이 안 되고 텍스트 답변만 하는 경우가 있습니다. “이미지로 생성해줘”, “정사각형 이미지로 만들어줘”처럼 명확하게 요청해보세요. ​ 4. 정책상 막히는 요청 실존 인물, 저작권 캐릭터, 민감한 이미지, 특정 스타일 모방 요청은 거절되거나 이미지 생성이 안 될 수 있습니다. 이 경우에는 표현을 조금 바꿔야 합니다. ​ 5. 계정/결제 반영 문제 유료 결제는 되어 있는데 기능이 계속 안 보이면 결제 상태나 플랜 적용 여부를 확인하고, 그래도 안 되면 고객센터 문의가 가장 빠릅니다. ​ 급하게 이미지가 필요하면 ChatGPT만 고집하지 말고 다른 AI 이미지 생성 사이트도 같이 써보는 게 좋습니다. 무료 이미지 생성 사이트 비교는 아래에 정리해둔 글이 있어 참고해보셔도 됩니다. https://lifeisonecoin.com/posts/free-ai-image-tools/"
1,494049056,pdf파일 ai로 변환해주실분? ㅠㅠ,https://kin.naver.com/qna/detail.naver?d1id=1&dirId=10405&docId=494049056,2026.06.26.,,pdf파일 ai로 변환해주실분? ㅠㅠ 프로그래머 UP 0 2 2026.06.26.,이 파일 ai로 변환해주실 수 있을까요? 제목을 입력해주세요. (1).pdf 내PC 저장 MYBOX 저장,"1.스샷 2.첨부파일 ​

---답변 구분---

pdf파일 ai로 변환해주실분? ㅠㅠ 질문이시네요. ​ 안타깝게도 저는 파일을 직접 변환할 수는 없지만, PDF 파일을 Adobe Illustrator (AI) 파일로 변환하는 방법을 안내해 드리겠습니다. ​ 1. Adobe Illustrator 사용: • Adobe Illustrator를 열고, ‘파일’ > ‘열기’ 또는 ‘가져오기’를 선택해 PDF 파일을 엽니다. • PDF의 원하는 페이지 또는 내용을 선택하여 열 수 있습니다. • 열기 후, 필요한 편집을 진행하고 ‘파일’ > ‘다른 이름으로 저장’에서 AI 형식으로 저장하세요. ​ 2. 무료 온라인 도구 활용: • Smallpdf, PDF2AI, Zamzar 같은 온라인 변환 서비스를 이용할 수 있습니다. • 이들 사이트에 PDF 파일을 업로드하고 AI 또는 EPS 형식으로 변환할 수 있는지 확인하세요. 단, 무료/유료 및 파일 보안에 유의하세요. ​ 3. 기타 방법: • PDF 내부 벡터 그래픽이 포함된 경우, Adobe Illustrator에서 직접 열어서 편집 가능하며, 일반 이미지는 벡터화 과정을 거쳐야 편집이 용이합니다. ​ 이 방법들이 가장 일반적이며 효과적입니다. 필요하다면, 파일의 내용과 목적에 따라 최적의 방법을 선택하세요. ​ 도움이 되셨다면 채택 부탁드립니다^^ 추가 질문은 채택 후 답변드립니다.","이 파일 ai로 변환해주실 수 있을까요? 제목을 입력해주세요. (1).pdf 내PC 저장 MYBOX 저장 1.스샷 2.첨부파일 ​ ---답변 구분--- pdf파일 ai로 변환해주실분? ㅠㅠ 질문이시네요. ​ 안타깝게도 저는 파일을 직접 변환할 수는 없지만, PDF 파일을 Adobe Illustrator (AI) 파일로 변환하는 방법을 안내해 드리겠습니다. ​ 1. Adobe Illustrator 사용: • Adobe Illustrator를 열고, ‘파일’ > ‘열기’ 또는 ‘가져오기’를 선택해 PDF 파일을 엽니다. • PDF의 원하는 페이지 또는 내용을 선택하여 열 수 있습니다. • 열기 후, 필요한 편집을 진행하고 ‘파일’ > ‘다른 이름으로 저장’에서 AI 형식으로 저장하세요. ​ 2. 무료 온라인 도구 활용: • Smallpdf, PDF2AI, Zamzar 같은 온라인 변환 서비스를 이용할 수 있습니다. • 이들 사이트에 PDF 파일을 업로드하고 AI 또는 EPS 형식으로 변환할 수 있는지 확인하세요. 단, 무료/유료 및 파일 보안에 유의하세요. ​ 3. 기타 방법: • PDF 내부 벡터 그래픽이 포함된 경우, Adobe Illustrator에서 직접 열어서 편집 가능하며, 일반 이미지는 벡터화 과정을 거쳐야 편집이 용이합니다. ​ 이 방법들이 가장 일반적이며 효과적입니다. 필요하다면, 파일의 내용과 목적에 따라 최적의 방법을 선택하세요. ​ 도움이 되셨다면 채택 부탁드립니다^^ 추가 질문은 채택 후 답변드립니다."
1,494047031,pdf 파일을 ai로 변환 가능하신 분 있을까요ㅜ,https://kin.naver.com/qna/detail.naver?d1id=1&dirId=10405&docId=494047031,2026.06.26.,,pdf 파일을 ai로 변환 가능하신 분 있을까요ㅜ 프로그래머 UP 0 3 2026.06.26.,pdf 파일을 ai로 변환해달라고 하셔서.. 혹시 가능하신 분 있을까요? 제목을 입력해주세요..pdf 내PC 저장 MYBOX 저장,"1.스샷 2.첨부파일 ​

---답변 구분---

pdf 파일을 ai로 변환 가능하신 분 있을까요ㅜ에 관한 질문이시네요. ​ PDF 파일을 Adobe Illustrator(일명 AI)로 변환하는 것은 일반적으로 가능합니다. 그러나 수식이나 수학 기호, 수식 관련 텍스트가 깨지는 문제는 변환 과정에서 특수문자 또는 수식이 제대로 인식되지 않기 때문에 발생하는 경우가 많습니다. 해결 방법은 다음과 같습니다. ​ 1. PDF 파일을 AI로 직접 열기: - Adobe Illustrator를 열고 PDF 파일을 열 때 “모든 페이지 선택” 또는 특정 페이지 선택 후 열기. - 이 방법은 그림이나 벡터 요소는 정상 변환되지만, 수식 텍스트는 깨질 수 있음. ​ 2. 수식을 이미지로 처리하기: - 수식이 포함된 PDF는 수식을 이미지로 만들어 Illustrator에서 삽입하는 것도 방법입니다. - 또는, LaTeX로 수식을 다시 입력하고, PNG 또는 SVG 형식으로 저장 후 삽입. ​ 3. PDF 내 수식을 텍스트로 변환: - PDF가 텍스트 기반이면, 텍스트 추출 후 MathML 또는 LaTeX 등 수식 형식을 재구성. - PDF 변환 프로그램(예: Adobe Acrobat Pro)을 이용해 텍스트와 수식을 별도로 추출 후 다시 편집. ​ 4. 수식을 깨지지 않게 유지하는 방법: - 수식을 LaTeX 형식으로 작성 후, MathType, MathJax 또는 LaTeX 그래픽 패키지를 사용하여 SVG 또는 EPS로 변환 후 AI에 삽입. - 수식이 텍스트로 깨지지 않도록 폰트 문제를 해결하기 위해, 사용하는 폰트와 문자 인코딩 설정을 확인하고 통일하는 것도 중요. ​ 5. 추천 도구: - PDF를 벡터형태로 변환하는 ""Inkscape""를 사용하는 것도 고려할 수 있으며, 벡터로 변환 후 수식을 수정할 수 있음. - 또한 ""ABBYY FineReader"" 같은 OCR 프로그램으로 PDF 텍스트와 수식을 인식하게 하고, 후처리하는 것도 도움이 될 수 있음. ​ 요약하자면, 수식의 깨짐 문제는 수식이 텍스트가 아니라 이미지만 처리되거나, 인코딩 문제가 원인일 가능성이 높기 때문에, 수식을 별도로 LaTeX 또는 이미지로 변환 후 AI에 넣는 방법이 가장 흔히 해결책입니다. ​ 답변 도움되셨길 바랍니다! 채택 부탁드리고, 추가 문의는 채택 후 답변드립니다.","pdf 파일을 ai로 변환해달라고 하셔서.. 혹시 가능하신 분 있을까요? 제목을 입력해주세요..pdf 내PC 저장 MYBOX 저장 1.스샷 2.첨부파일 ​ ---답변 구분--- pdf 파일을 ai로 변환 가능하신 분 있을까요ㅜ에 관한 질문이시네요. ​ PDF 파일을 Adobe Illustrator(일명 AI)로 변환하는 것은 일반적으로 가능합니다. 그러나 수식이나 수학 기호, 수식 관련 텍스트가 깨지는 문제는 변환 과정에서 특수문자 또는 수식이 제대로 인식되지 않기 때문에 발생하는 경우가 많습니다. 해결 방법은 다음과 같습니다. ​ 1. PDF 파일을 AI로 직접 열기: - Adobe Illustrator를 열고 PDF 파일을 열 때 “모든 페이지 선택” 또는 특정 페이지 선택 후 열기. - 이 방법은 그림이나 벡터 요소는 정상 변환되지만, 수식 텍스트는 깨질 수 있음. ​ 2. 수식을 이미지로 처리하기: - 수식이 포함된 PDF는 수식을 이미지로 만들어 Illustrator에서 삽입하는 것도 방법입니다. - 또는, LaTeX로 수식을 다시 입력하고, PNG 또는 SVG 형식으로 저장 후 삽입. ​ 3. PDF 내 수식을 텍스트로 변환: - PDF가 텍스트 기반이면, 텍스트 추출 후 MathML 또는 LaTeX 등 수식 형식을 재구성. - PDF 변환 프로그램(예: Adobe Acrobat Pro)을 이용해 텍스트와 수식을 별도로 추출 후 다시 편집. ​ 4. 수식을 깨지지 않게 유지하는 방법: - 수식을 LaTeX 형식으로 작성 후, MathType, MathJax 또는 LaTeX 그래픽 패키지를 사용하여 SVG 또는 EPS로 변환 후 AI에 삽입. - 수식이 텍스트로 깨지지 않도록 폰트 문제를 해결하기 위해, 사용하는 폰트와 문자 인코딩 설정을 확인하고 통일하는 것도 중요. ​ 5. 추천 도구: - PDF를 벡터형태로 변환하는 ""Inkscape""를 사용하는 것도 고려할 수 있으며, 벡터로 변환 후 수식을 수정할 수 있음. - 또한 ""ABBYY FineReader"" 같은 OCR 프로그램으로 PDF 텍스트와 수식을 인식하게 하고, 후처리하는 것도 도움이 될 수 있음. ​ 요약하자면, 수식의 깨짐 문제는 수식이 텍스트가 아니라 이미지만 처리되거나, 인코딩 문제가 원인일 가능성이 높기 때문에, 수식을 별도로 LaTeX 또는 이미지로 변환 후 AI에 넣는 방법이 가장 흔히 해결책입니다. ​ 답변 도움되셨길 바랍니다! 채택 부탁드리고, 추가 문의는 채택 후 답변드립니다."
1,494045787,AI 프롬포트,https://kin.naver.com/qna/detail.naver?d1id=1&dirId=10405&docId=494045787,2026.06.26.,,AI 프롬포트 프로그래머 UP 0 2 2026.06.26.,"AI한테 수식이나 뭐 물어보면 sqrt, text $처럼 계속 글자가 깨지는데 이거 어케 해결하나요","그건 LaTeX 문법인데요. 원래는 그 LLM을 호출한 웹사이트나 앱에서 사람이 읽을 수 있는 형태로 다시 렌더링해줘야 하는데 그 기능에 문제가 있나 봅니다. 아니면 LLM쪽 출력 자체가 불완전할 수도 있습니다. ​ 어느쪽이건 직접 고치실 순 없고 웹사이트나 모델이 개선되어야 할 부분입니다. LaTeX 문법 쓰지 말고 plaintext로 답하라고 하면 그런 문제가 줄겠지만 대신 그러면 수식을 깔끔하게 렌더링 못 해서 복잡한 수식을 표현 못 합니다.

---답변 구분---

AI가 sqrt, text, $ 같은 형태로 답하는 건 보통 수식을 LaTeX/Markdown 형식으로 출력해서 그렇습니다. ​ 예를 들어 sqrt는 제곱근, $...$는 수식 표시, \text{}는 수식 안에 글자를 넣는 표기입니다. 문제는 지식인이나 일반 메모장, 일부 앱에서는 이 수식 표기가 예쁘게 렌더링되지 않아서 글자가 깨진 것처럼 보일 수 있습니다. ​ 해결하려면 질문할 때 이렇게 요청해보세요. ​ “수식은 LaTeX로 쓰지 말고 일반 텍스트로 설명해줘.” “sqrt(x) 대신 루트 x라고 써줘.” “$ 기호, \text{} 같은 수식 문법은 쓰지 말아줘.” “수식은 코드블록 말고 사람이 읽기 쉬운 한글 설명으로 풀어줘.” ​ 예를 들면 프롬프트를 이렇게 쓰면 됩니다. ​ ""수학 문제를 설명해줘. 단, LaTeX 문법은 쓰지 말고, 루트/제곱/분수처럼 일반 텍스트로 풀어서 설명해줘."" ​ 만약 논문이나 코딩용으로 정확한 수식 표기가 필요하면 LaTeX 그대로 받는 게 좋고, 그냥 공부용 설명이면 “일반 텍스트로 변환해달라”고 하는 게 제일 편합니다. ​ 프롬프트 작성 방식은 아래 글도 참고해보시면 도움이 될 것 같습니다. https://lifeisonecoin.com/posts/chatgpt-prompt-writing-guide/","AI한테 수식이나 뭐 물어보면 sqrt, text $처럼 계속 글자가 깨지는데 이거 어케 해결하나요 그건 LaTeX 문법인데요. 원래는 그 LLM을 호출한 웹사이트나 앱에서 사람이 읽을 수 있는 형태로 다시 렌더링해줘야 하는데 그 기능에 문제가 있나 봅니다. 아니면 LLM쪽 출력 자체가 불완전할 수도 있습니다. ​ 어느쪽이건 직접 고치실 순 없고 웹사이트나 모델이 개선되어야 할 부분입니다. LaTeX 문법 쓰지 말고 plaintext로 답하라고 하면 그런 문제가 줄겠지만 대신 그러면 수식을 깔끔하게 렌더링 못 해서 복잡한 수식을 표현 못 합니다. ---답변 구분--- AI가 sqrt, text, $ 같은 형태로 답하는 건 보통 수식을 LaTeX/Markdown 형식으로 출력해서 그렇습니다. ​ 예를 들어 sqrt는 제곱근, $...$는 수식 표시, \text{}는 수식 안에 글자를 넣는 표기입니다. 문제는 지식인이나 일반 메모장, 일부 앱에서는 이 수식 표기가 예쁘게 렌더링되지 않아서 글자가 깨진 것처럼 보일 수 있습니다. ​ 해결하려면 질문할 때 이렇게 요청해보세요. ​ “수식은 LaTeX로 쓰지 말고 일반 텍스트로 설명해줘.” “sqrt(x) 대신 루트 x라고 써줘.” “$ 기호, \text{} 같은 수식 문법은 쓰지 말아줘.” “수식은 코드블록 말고 사람이 읽기 쉬운 한글 설명으로 풀어줘.” ​ 예를 들면 프롬프트를 이렇게 쓰면 됩니다. ​ ""수학 문제를 설명해줘. 단, LaTeX 문법은 쓰지 말고, 루트/제곱/분수처럼 일반 텍스트로 풀어서 설명해줘."" ​ 만약 논문이나 코딩용으로 정확한 수식 표기가 필요하면 LaTeX 그대로 받는 게 좋고, 그냥 공부용 설명이면 “일반 텍스트로 변환해달라”고 하는 게 제일 편합니다. ​ 프롬프트 작성 방식은 아래 글도 참고해보시면 도움이 될 것 같습니다. https://lifeisonecoin.com/posts/chatgpt-prompt-writing-guide/"
1,494037569,로컬 Ai Vram 8GB,https://kin.naver.com/qna/detail.naver?d1id=1&dirId=10405&docId=494037569,2026.06.25.,,로컬 Ai Vram 8GB 프로그래머 UP 1 2 2026.06.25.,"제목이 곧 내용입니다. 여러 ai를 쓰면서, 이미지 생성과 편집이 재밌다는걸 알았습니다. 로컬 Ai가 자유롭고, 이미지 생성에서 강점을 보인다길래, 제 컴퓨터로 한번 시도는 해보고 싶은데 가능할까요? 그래픽 카드가 중요한거 같아서, 5060 Vram 8GB 쓰는데 가능한걸까요, CPU는 라이젠 5600 쓰고 있습니다. 그리고 가능하다면, 무료로 하고 싶습니다. Ui가 쉬웠으면 좋겠고. 초보에게 적합하면 좋겠습니다. 제가 궁금한건 결론은, 1. 제 컴퓨터로 가능한걸까요? 2. 어떤 ai가 적합할까요?","안녕하세요. ​ 굉장히 착각을 많이 들 하시는게... 지금 유료로 공개된 LLM들은 돈을 받는 만큼 엄청난수의 그래픽카드를 가동하면서 서비스 하는거라 이미지 생성도 빠르고 또 그만큼 데이터를 수집한거라 퀄리티가 높은 것입니다. ​ 로컬에서 공개된 LLM에서 지금 유료로 쓰는만큼 퀄이 나오는 것도 없지만 이미지하나에는 수십분에서 수시간..영상하나에는 수시간에서 몇일이 걸리기도 합니다. ​ 그점을 참고하시구요 작동이 불가능한건 아니지만 vram이 낮아 영상같은건 힘들 수도 있습니다. (특히 그램픽카드를 극한 까지 끌어올리기에 그래픽카드 수명에 영향을 줄 수 있음을 알려드립니다) ​ ​ 지금 가장 무료로 써본것중에 괜찮은 툴은 ""ComfyUI"" 이니 한번 찾아서 설치해보시고 이것저것 테스트 해보시길 바랍니다. 지금 유료 또는 무료로 쓰는 챗GPT나 제미나이 이런것들과는 사용법이 차원이다릅니다.. ​

---답변 구분---

로컬 Ai Vram 8GB에 관해 궁금하시군요. ​ 1. 제 컴퓨터로 가능한지에 대해 알려드리면, 현재 사용하시는 그래픽 카드가 8GB VRAM을 가진 5060 시리즈라고 가정하면, 이는 일반적으로 AI 이미지 생성에 충분한 수준입니다. AI 모델은 VRAM 용량이 중요하며, 8GB는 대부분의 중급 또는 일부 고급 모델을 돌릴 수 있는 용량입니다. 라이젠 5600 CPU도 AI 작업에 큰 제약이 되지 않으며, CPU 성능보다는 GPU 성능이 더 중요한 역할을 합니다. 따라서, 존재하는 그래픽 카드가 AI 프레임워크와 호환되고 드라이버가 최신이면, 로컬 AI를 돌리는 것이 충분히 가능합니다. ​ 2. 적합한 AI 도구 추천: • 사용자 친화적인 GUI: 초보자도 쉽게 사용할 수 있는 무료 또는 오픈소스 UI를 가진 도구들이 있습니다. 대표적으로는 ""Automatic1111 Stable Diffusion WebUI""가 있으며, 설치와 사용이 비교적 간단하고, 다양한 이미지 생성 기능을 제공합니다. • 기타 도구: ""Stable Diffusion""과 같은 프레임워크를 설치하여 CLI 대신 GUI가 제공되는 인터페이스를 활용하는 것도 좋은 선택입니다. Windows에서 사용할 수 있는 ""Diffusers"" 라이브러리와 함께 안정적인 UI를 제공하는 오픈소스 프로젝트들도 있습니다. • 추천 조건: - 무료 & 오픈소스 - 쉬운 설치와 사용 인터페이스 - 커뮤니티가 활성화되어 있어 도움 받기 쉬움 ​ 요약하자면, 현재 그래픽 카드와 시스템으로 충분히 로컬 AI 이미지 생성이 가능하며, ""Automatic1111 Stable Diffusion WebUI"" 또는 비슷한 GUI 기반 툴을 추천합니다. 인터넷에 관련 튜토리얼과 설치 가이드도 많아 초보자도 쉽게 시작할 수 있습니다. 다만, 처음 설치 시 약간의 컴퓨터 환경 설정이 필요할 수 있으니 참고 바랍니다. ​ 답변 도움되셨나요? 채택 부탁드리며~ 추가 문의는 채택해주시면 답변해드립니다.","제목이 곧 내용입니다. 여러 ai를 쓰면서, 이미지 생성과 편집이 재밌다는걸 알았습니다. 로컬 Ai가 자유롭고, 이미지 생성에서 강점을 보인다길래, 제 컴퓨터로 한번 시도는 해보고 싶은데 가능할까요? 그래픽 카드가 중요한거 같아서, 5060 Vram 8GB 쓰는데 가능한걸까요, CPU는 라이젠 5600 쓰고 있습니다. 그리고 가능하다면, 무료로 하고 싶습니다. Ui가 쉬웠으면 좋겠고. 초보에게 적합하면 좋겠습니다. 제가 궁금한건 결론은, 1. 제 컴퓨터로 가능한걸까요? 2. 어떤 ai가 적합할까요? 안녕하세요. ​ 굉장히 착각을 많이 들 하시는게... 지금 유료로 공개된 LLM들은 돈을 받는 만큼 엄청난수의 그래픽카드를 가동하면서 서비스 하는거라 이미지 생성도 빠르고 또 그만큼 데이터를 수집한거라 퀄리티가 높은 것입니다. ​ 로컬에서 공개된 LLM에서 지금 유료로 쓰는만큼 퀄이 나오는 것도 없지만 이미지하나에는 수십분에서 수시간..영상하나에는 수시간에서 몇일이 걸리기도 합니다. ​ 그점을 참고하시구요 작동이 불가능한건 아니지만 vram이 낮아 영상같은건 힘들 수도 있습니다. (특히 그램픽카드를 극한 까지 끌어올리기에 그래픽카드 수명에 영향을 줄 수 있음을 알려드립니다) ​ ​ 지금 가장 무료로 써본것중에 괜찮은 툴은 ""ComfyUI"" 이니 한번 찾아서 설치해보시고 이것저것 테스트 해보시길 바랍니다. 지금 유료 또는 무료로 쓰는 챗GPT나 제미나이 이런것들과는 사용법이 차원이다릅니다.. ​ ---답변 구분--- 로컬 Ai Vram 8GB에 관해 궁금하시군요. ​ 1. 제 컴퓨터로 가능한지에 대해 알려드리면, 현재 사용하시는 그래픽 카드가 8GB VRAM을 가진 5060 시리즈라고 가정하면, 이는 일반적으로 AI 이미지 생성에 충분한 수준입니다. AI 모델은 VRAM 용량이 중요하며, 8GB는 대부분의 중급 또는 일부 고급 모델을 돌릴 수 있는 용량입니다. 라이젠 5600 CPU도 AI 작업에 큰 제약이 되지 않으며, CPU 성능보다는 GPU 성능이 더 중요한 역할을 합니다. 따라서, 존재하는 그래픽 카드가 AI 프레임워크와 호환되고 드라이버가 최신이면, 로컬 AI를 돌리는 것이 충분히 가능합니다. ​ 2. 적합한 AI 도구 추천: • 사용자 친화적인 GUI: 초보자도 쉽게 사용할 수 있는 무료 또는 오픈소스 UI를 가진 도구들이 있습니다. 대표적으로는 ""Automatic1111 Stable Diffusion WebUI""가 있으며, 설치와 사용이 비교적 간단하고, 다양한 이미지 생성 기능을 제공합니다. • 기타 도구: ""Stable Diffusion""과 같은 프레임워크를 설치하여 CLI 대신 GUI가 제공되는 인터페이스를 활용하는 것도 좋은 선택입니다. Windows에서 사용할 수 있는 ""Diffusers"" 라이브러리와 함께 안정적인 UI를 제공하는 오픈소스 프로젝트들도 있습니다. • 추천 조건: - 무료 & 오픈소스 - 쉬운 설치와 사용 인터페이스 - 커뮤니티가 활성화되어 있어 도움 받기 쉬움 ​ 요약하자면, 현재 그래픽 카드와 시스템으로 충분히 로컬 AI 이미지 생성이 가능하며, ""Automatic1111 Stable Diffusion WebUI"" 또는 비슷한 GUI 기반 툴을 추천합니다. 인터넷에 관련 튜토리얼과 설치 가이드도 많아 초보자도 쉽게 시작할 수 있습니다. 다만, 처음 설치 시 약간의 컴퓨터 환경 설정이 필요할 수 있으니 참고 바랍니다. ​ 답변 도움되셨나요? 채택 부탁드리며~ 추가 문의는 채택해주시면 답변해드립니다."
1,494029235,네이버 e스포츠 영상 다운 방법,https://kin.naver.com/qna/detail.naver?d1id=1&dirId=10405&docId=494029235,2026.06.25.,,네이버 e스포츠 영상 다운 방법 프로그래머 UP 1 1 2026.06.25.,네이버 e스포츠 (리그 오브 레전드 인터뷰) 영상이 필요한데 다운하는 방법이 있을까요? 급해요 ㅠㅠ,"네이버 e스포츠 영상, 특히 리그 오브 레전드 인터뷰 같은 영상을 다운로드하는 공식적인 방법은 네이버 자체에서 제공하는 다운로드 기능이 있는 경우에만 가능합니다. 네이버 TV나 네이버 e스포츠 공식 채널에서 제공하는 영상이라면, 앱 내에서 오프라인 재생용으로 저장할 수 있는 기능이 있을 수 있으니 네이버 TV 앱을 확인해 보시는 것이 좋습니다. ​ 공식적인 다운로드 기능이 없다면, 법적 문제와 저작권 침해의 위험 때문에 영상 다운로드는 권장되지 않으며 네이버 서비스 정책에도 위배될 수 있습니다. 사용자의 필요에 맞는 영상이 바로 필요하다면, 네이버 e스포츠 공식 채널에서 제공하는 링크나 클립을 공유하거나 링크를 통해 영상을 보는 방식을 이용하시길 추천드립니다. ​","네이버 e스포츠 (리그 오브 레전드 인터뷰) 영상이 필요한데 다운하는 방법이 있을까요? 급해요 ㅠㅠ 네이버 e스포츠 영상, 특히 리그 오브 레전드 인터뷰 같은 영상을 다운로드하는 공식적인 방법은 네이버 자체에서 제공하는 다운로드 기능이 있는 경우에만 가능합니다. 네이버 TV나 네이버 e스포츠 공식 채널에서 제공하는 영상이라면, 앱 내에서 오프라인 재생용으로 저장할 수 있는 기능이 있을 수 있으니 네이버 TV 앱을 확인해 보시는 것이 좋습니다. ​ 공식적인 다운로드 기능이 없다면, 법적 문제와 저작권 침해의 위험 때문에 영상 다운로드는 권장되지 않으며 네이버 서비스 정책에도 위배될 수 있습니다. 사용자의 필요에 맞는 영상이 바로 필요하다면, 네이버 e스포츠 공식 채널에서 제공하는 링크나 클립을 공유하거나 링크를 통해 영상을 보는 방식을 이용하시길 추천드립니다. ​"
1,494026995,클로드로 ai학습시키기,https://kin.naver.com/qna/detail.naver?d1id=1&dirId=10405&docId=494026995,2026.06.24.,,클로드로 ai학습시키기 프로그래머 UP 0 3 2026.06.24.,어떻게 하나요?,"안녕하세요. ​ 우리가 사용하는 클로드, 챗 GPT 같은 AI들은 이미 학습이 되어서 나오는 프로그램들이라 따로 학습 자체는 되지 않습니다. ​ 다만 사용자의 대화를 통해 그것을 메모리에 저장해두고 참고하게 할 수는 있습니다. 학습하고는 조금 다르게 예를 들어 성장시키기는 어렵지만 처음 보는 친구보다 친한 친구가 나에 대해서 더 잘 알듯이 ​ 클로드에게 기억해야 될 것들이나 학습시켜야 될 내용들을 전달하면서 메모리에 저장해두고 항상 기억해 줘 등을 명령어에 입력시켜두면 비슷한 효과까지는 낼 수가 있습니다. ​ 저 역시 예를 들어 나랑 대화할 대는 반드시 한글로만 대답해 줘. 지금 대화 내용 중 AAAA에 관련된 내용은 메모리에 기억해두고 다른 채팅 할 때도 찾아 쓸 수 있도록 해줘. 뭐 이런 식으로 많이 저장을 시켜둡니다. ​ 실제로 학습은 못하지만 메모리에 기억하게 해서 조금 더 나은 답변을 유도할 수 있습니다. 다만 이런 것들은 메모리가 정리되면 다시 0로 돌아가는 거죠.. ​ 정리를 하자면 1. 클로드 같은 우리가 사용하는 AI는 이미 학습이 되어서 나오기 때문에 내가 직접 학습 시킬 수는 없습니다. 2.AI가 메모리에 내용을 저장하는 원리를 이용해서 최대한 학습 시키는 것처럼 기억하게 만드는 것이 대안입니다.

---답변 구분---

클로드를 “대화 몇 번 해서 영구적으로 학습시키는 방식”은 일반 Claude 앱에서는 어렵다고 보시면 됩니다. ​ 목적에 따라 방법이 조금 다릅니다. ​ 1. 내 문서나 자료를 참고하게 하고 싶다 → Claude 프로젝트에 파일을 올리거나, 질문할 때 자료 내용을 같이 넣어야 합니다. ​ 2. 특정 말투나 답변 형식을 유지시키고 싶다 → 프로젝트 지침이나 프롬프트에 역할, 답변 형식, 예시 답변을 고정해두는 방식이 좋습니다. ​ 3. 서비스나 프로그램에 붙이고 싶다 → Claude API를 사용해서 프롬프트, 예시, 문서 검색 구조를 코드로 연결해야 합니다. ​ 4. 진짜 모델 학습/fine-tuning을 말하는 경우 → 일반 앱 기능보다는 AWS Bedrock 같은 별도 개발 환경에서 제한적으로 검토하는 영역에 가깝습니다. ​ 처음에는 “프로젝트 지침 + 예시 답변 + 참고 문서” 조합으로 시작하는 게 가장 현실적입니다. ​ 클로드와 ChatGPT 차이, Claude API 입문 내용은 제가 정리해둔 글도 참고해보시면 감 잡는 데 도움이 될 것 같습니다. https://lifeisonecoin.com/posts/claude-vs-chatgpt/ https://lifeisonecoin.com/posts/claude-api-first-experience/

---답변 구분---

안녕하세요? 지식파트너 가비아입니다. ​ 클로드에서 말하는 'AI 학습'은 직접 모델을 새로 학습시키는 것이 아니라, 자료를 업로드하여 그 내용을 기반으로 답변을 받는 방식입니다. ​ 방법은 다음과 같습니다. ​ Claude에서 새 채팅을 시작합니다. 파일(PDF, Word, TXT 등)을 업로드하거나 내용을 붙여넣습니다. ""이 문서를 기준으로만 답변해줘"", ""이 매뉴얼을 참고해서 질문에 답해줘""와 같이 요청합니다. 이후에는 업로드한 자료를 바탕으로 요약, 분석, 질의응답 등을 진행할 수 있습니다. ​ 다만 업로드한 자료를 영구적으로 학습해서 다음 대화에도 기억하는 것은 아닙니다. 새로운 채팅을 시작하면 다시 자료를 업로드해야 합니다. 만약 여러 문서를 장기간 관리하면서 지속적으로 활용하고 싶다면 NotebookLM 이 더 적합합니다. 여러 PDF를 등록해두고 해당 자료를 기반으로 질문할 수 있어 매뉴얼, 논문, 교재 등을 활용하는 데 편리합니다. ​ 도움이 되었나요? 가비아였습니다. www.gabia.com 웹을 넘어 클라우드로. 가비아 그룹웨어부터 멀티클라우드까지 하나의 클라우드 허브 www.gabia.com ​","어떻게 하나요? 안녕하세요. ​ 우리가 사용하는 클로드, 챗 GPT 같은 AI들은 이미 학습이 되어서 나오는 프로그램들이라 따로 학습 자체는 되지 않습니다. ​ 다만 사용자의 대화를 통해 그것을 메모리에 저장해두고 참고하게 할 수는 있습니다. 학습하고는 조금 다르게 예를 들어 성장시키기는 어렵지만 처음 보는 친구보다 친한 친구가 나에 대해서 더 잘 알듯이 ​ 클로드에게 기억해야 될 것들이나 학습시켜야 될 내용들을 전달하면서 메모리에 저장해두고 항상 기억해 줘 등을 명령어에 입력시켜두면 비슷한 효과까지는 낼 수가 있습니다. ​ 저 역시 예를 들어 나랑 대화할 대는 반드시 한글로만 대답해 줘. 지금 대화 내용 중 AAAA에 관련된 내용은 메모리에 기억해두고 다른 채팅 할 때도 찾아 쓸 수 있도록 해줘. 뭐 이런 식으로 많이 저장을 시켜둡니다. ​ 실제로 학습은 못하지만 메모리에 기억하게 해서 조금 더 나은 답변을 유도할 수 있습니다. 다만 이런 것들은 메모리가 정리되면 다시 0로 돌아가는 거죠.. ​ 정리를 하자면 1. 클로드 같은 우리가 사용하는 AI는 이미 학습이 되어서 나오기 때문에 내가 직접 학습 시킬 수는 없습니다. 2.AI가 메모리에 내용을 저장하는 원리를 이용해서 최대한 학습 시키는 것처럼 기억하게 만드는 것이 대안입니다. ---답변 구분--- 클로드를 “대화 몇 번 해서 영구적으로 학습시키는 방식”은 일반 Claude 앱에서는 어렵다고 보시면 됩니다. ​ 목적에 따라 방법이 조금 다릅니다. ​ 1. 내 문서나 자료를 참고하게 하고 싶다 → Claude 프로젝트에 파일을 올리거나, 질문할 때 자료 내용을 같이 넣어야 합니다. ​ 2. 특정 말투나 답변 형식을 유지시키고 싶다 → 프로젝트 지침이나 프롬프트에 역할, 답변 형식, 예시 답변을 고정해두는 방식이 좋습니다. ​ 3. 서비스나 프로그램에 붙이고 싶다 → Claude API를 사용해서 프롬프트, 예시, 문서 검색 구조를 코드로 연결해야 합니다. ​ 4. 진짜 모델 학습/fine-tuning을 말하는 경우 → 일반 앱 기능보다는 AWS Bedrock 같은 별도 개발 환경에서 제한적으로 검토하는 영역에 가깝습니다. ​ 처음에는 “프로젝트 지침 + 예시 답변 + 참고 문서” 조합으로 시작하는 게 가장 현실적입니다. ​ 클로드와 ChatGPT 차이, Claude API 입문 내용은 제가 정리해둔 글도 참고해보시면 감 잡는 데 도움이 될 것 같습니다. https://lifeisonecoin.com/posts/claude-vs-chatgpt/ https://lifeisonecoin.com/posts/claude-api-first-experience/ ---답변 구분--- 안녕하세요? 지식파트너 가비아입니다. ​ 클로드에서 말하는 'AI 학습'은 직접 모델을 새로 학습시키는 것이 아니라, 자료를 업로드하여 그 내용을 기반으로 답변을 받는 방식입니다. ​ 방법은 다음과 같습니다. ​ Claude에서 새 채팅을 시작합니다. 파일(PDF, Word, TXT 등)을 업로드하거나 내용을 붙여넣습니다. ""이 문서를 기준으로만 답변해줘"", ""이 매뉴얼을 참고해서 질문에 답해줘""와 같이 요청합니다. 이후에는 업로드한 자료를 바탕으로 요약, 분석, 질의응답 등을 진행할 수 있습니다. ​ 다만 업로드한 자료를 영구적으로 학습해서 다음 대화에도 기억하는 것은 아닙니다. 새로운 채팅을 시작하면 다시 자료를 업로드해야 합니다. 만약 여러 문서를 장기간 관리하면서 지속적으로 활용하고 싶다면 NotebookLM 이 더 적합합니다. 여러 PDF를 등록해두고 해당 자료를 기반으로 질문할 수 있어 매뉴얼, 논문, 교재 등을 활용하는 데 편리합니다. ​ 도움이 되었나요? 가비아였습니다. www.gabia.com 웹을 넘어 클라우드로. 가비아 그룹웨어부터 멀티클라우드까지 하나의 클라우드 허브 www.gabia.com ​"
1,494021694,포고랑 포홈 연동 에러,https://kin.naver.com/qna/detail.naver?d1id=1&dirId=10405&docId=494021694,2026.06.24.,,포고랑 포홈 연동 에러 프로그래머 UP 0 0 2026.06.24.,A 어카운트로 원래 했었는데 잃어버려서 B 어카운트를 새로 만들어서 연동 할라 하는데 error라고 뜨네요? 이거 해결방법 아시나요,,A 어카운트로 원래 했었는데 잃어버려서 B 어카운트를 새로 만들어서 연동 할라 하는데 error라고 뜨네요? 이거 해결방법 아시나요
1,493974230,포챔스 질문,https://kin.naver.com/qna/detail.naver?d1id=1&dirId=10405&docId=493974230,2026.06.21.,,포챔스 질문 프로그래머 UP 0 0 2026.06.21.,저기서 CS는 무얼 의미 하나요?,,저기서 CS는 무얼 의미 하나요?
1,493957568,어떤 직업을 통해 꾸준한 활동과 열정을 발휘할 수 있을,https://kin.naver.com/qna/detail.naver?d1id=1&dirId=10405&docId=493957568,2026.06.20.,,어떤 직업을 통해 꾸준한 활동과 열정을 발휘할 수 있을 프로그래머 UP 0 2 2026.06.20.,어떤 직업을 통해 꾸준한 활동과 열정을 발휘할 수 있을까?,"나는 교사로서 꾸준한 활동과 열정을 발휘할 수 있다고 생각한다. 교육은 끝없는 학습과 지식 전달의 과정이기 때문에 변화와 도전이 끊임없이 일어나기 때문이다. 또한 학생들과의 소통과 상호작용을 통해 계속해서 발전해나갈 수 있다. ​ 또한 교사로서는 학생들의 성장과 발전을 위해 최선을 다해야 하는 책임감이 크기 때문에 꾸준한 노력과 헌신이 필요하다. 그리고 다양한 학생들과의 상호작용을 통해 새로운 아이디어와 방법을 찾아내어 학생들을 돕는 일에 만족을 느낄 수 있을 것이다. ​ 마지막으로 교사로서의 열정과 활동은 학생들에게 긍정적인 영향을 주는 동시에 나 자신에게도 큰 보람을 줄 것이라고 믿는다. 교육이란 지식을 전달하는 것뿐만 아니라 학생들의 인격과 가치관을 함께 성장시키는 과정이기 때문에 꾸준한 노력과 열정은 물론이고 지속적인 성장과 발전이 요구된다. 나는 이러한 도전을 극복하며 학생들과 함께 성장하고 발전해 나가는 과정에 큰 가치를 두고 있으며, 교사로서의 역할을 통해 이를 실현할 수 있다고 확신한다.

---답변 구분---

철학적인 고민을 하고 계시는군요. 사업하십쇼","어떤 직업을 통해 꾸준한 활동과 열정을 발휘할 수 있을까? 나는 교사로서 꾸준한 활동과 열정을 발휘할 수 있다고 생각한다. 교육은 끝없는 학습과 지식 전달의 과정이기 때문에 변화와 도전이 끊임없이 일어나기 때문이다. 또한 학생들과의 소통과 상호작용을 통해 계속해서 발전해나갈 수 있다. ​ 또한 교사로서는 학생들의 성장과 발전을 위해 최선을 다해야 하는 책임감이 크기 때문에 꾸준한 노력과 헌신이 필요하다. 그리고 다양한 학생들과의 상호작용을 통해 새로운 아이디어와 방법을 찾아내어 학생들을 돕는 일에 만족을 느낄 수 있을 것이다. ​ 마지막으로 교사로서의 열정과 활동은 학생들에게 긍정적인 영향을 주는 동시에 나 자신에게도 큰 보람을 줄 것이라고 믿는다. 교육이란 지식을 전달하는 것뿐만 아니라 학생들의 인격과 가치관을 함께 성장시키는 과정이기 때문에 꾸준한 노력과 열정은 물론이고 지속적인 성장과 발전이 요구된다. 나는 이러한 도전을 극복하며 학생들과 함께 성장하고 발전해 나가는 과정에 큰 가치를 두고 있으며, 교사로서의 역할을 통해 이를 실현할 수 있다고 확신한다. ---답변 구분--- 철학적인 고민을 하고 계시는군요. 사업하십쇼"
1,493953750,한때는 개발자도,https://kin.naver.com/qna/detail.naver?d1id=1&dirId=10405&docId=493953750,2026.06.19.,,한때는 개발자도 프로그래머 UP 1 1 2026.06.19.,급여가 연공서열이나 호봉제로 작용됬던 시절이 있었나요?,"안녕하세요. ​ 예전이나 지금이나 호봉제를 쓰는곳도 아직있습니다. (공기업,공공기관,대기업등등) ​ 다만 개발자 전체로 이건 이렇고 저건 저랬고 과거엔 이렇고 생각을 안하셔도 되는게 개발자 풀이 워낙 넓어서 사람이나 상황마다 너무나 다릅니다. ​ ​","급여가 연공서열이나 호봉제로 작용됬던 시절이 있었나요? 안녕하세요. ​ 예전이나 지금이나 호봉제를 쓰는곳도 아직있습니다. (공기업,공공기관,대기업등등) ​ 다만 개발자 전체로 이건 이렇고 저건 저랬고 과거엔 이렇고 생각을 안하셔도 되는게 개발자 풀이 워낙 넓어서 사람이나 상황마다 너무나 다릅니다. ​ ​"
1,493939903,ai 이용하여 프로그램 만드는 법,https://kin.naver.com/qna/detail.naver?d1id=1&dirId=10405&docId=493939903,2026.06.18.,,ai 이용하여 프로그램 만드는 법 프로그래머 UP 0 5 2026.06.18.,제가 디자인해놓은 UI 가 있는데 이거를 구현하는 방법을 모르겠어요 ㅠㅠ 클로드랑 피그마랑 다른 것들도 써봤는데 그냥 이미지만 복붙해주는 느낌이어서.. 좀 성적 트래커 할일 목록 이런거 기록하는 프로그램 만들고 싶은데 어느 ai를 어떻게 쓰면 좋을지 조언 좀 해주세요..,"AI를 이용하여 생각하는 프로그램을 개발하고자 하면, 먼저 AI같은 프로그램을 만드는 일인 코딩 다른 말로는 프로그래밍을 제대로 배워 컴퓨팅 사고력과 프로그래밍 능력을 갖추도록 하세요. 그러면, 나이, 성별, 학력, 전공과 상관없이 누구나 코딩 다른 말로는 프로그래밍할 수 있습니다. 그래서 생각하는 프로그램을 개발하여 창업도 할 수 있고, 취업도 할 수 있습니다. ​ 본질적으로 창의적인 혹은 창조적인 일인 코딩 다른 말로는 프로그래밍은 무작정 이해하고 외워 하는 일이 아닙니다. 능력을 갖춰야 할 수 있는 일입니다. 따라서 능력을 갖추려면, 아이돌이 될 때처럼 장기간 체계적이고 전문적인 훈련이 필요합니다. ​ 무엇보다도 커뮤ㅠ팅 사고력은 현재나 미래를 살아야 하는 사람이라면, 누구나 반드시 갖춰야 하는 능력입니다. 그러면, 어떠한 산업 분야에서 어떠한 일을 하든, AI에 대체되지 않고, AI를 잘 활용하여 내 일을 즐겁게 계속 잘 할 수 있습니다. 이것이 4차 산업 사회에서 살아야 하는 사람이라면, 누구나 반드시 코딩 다른 말로는 프로그래밍을 배워야 하는 이유입니다. ​ 프로그래밍을 배우려면, 먼저 프로그래밍을 공부하는 방법부터 배우세요. 프로그래밍을 배우는 방법을 알려고 하면, 먼저 최소한 코딩 다른 말로는 프로그래밍을 어떻게 하는지를 개략적으로 이해해야 합니다. 내가 무엇을 하고자 하는지를 개략적으로 이해해야 어떻게 공부해야 하는지를 알 수 있기 때문입니다. ​ 프로그래밍을 어떻게 하는지를 개략적으로 이해하고, 프로그래밍을 어떻게 배워야 하는지를 공부하고자 하면, ""이렇게 하면 나도 프로그램을 잘 만들 수 있다(나프잘)"" 책들로 공부해 보세요. ​ 네이버 카페 ""프로그래밍을 배우자"" cafe.naver.com/parkcom1990 에서 프로그래밍 관련 정보들을 참고해 보세요. 프로그래밍이 무엇인지. 어떻게 해야 프로그래밍할 수 있는지, 어떻게 프로그래밍을 공부해야 하는지 등등 알 수 있습니다.

---답변 구분---

안녕하세요. 디자인해 두신 UI가 있는데도 막상 코드로 구현하려니 막막하셨을 것 같아요. ​ 클로드나 피그마 플러그인 같은 툴들은 단순한 화면 레이아웃이나 스타일 가이드 위주로만 코드를 짜주는 경우가 많거든요. ​ 질문자님이 원하는 '성적 트래커'나 '할 일 목록'처럼 데이터를 저장하고 기록하는 프로그램을 만들려면 화면(프론트엔드)뿐만 아니라 데이터 처리 기능(백엔드)까지 함께 구현해야 합니다. ​ 아직 코딩이 낯선 초보자라면 AI 기반의 로우코드(Low-code)나 노코드(No-code) 툴을 활용하는 것이 가장 좋습니다. 현재 상황에서 가장 추천해 드리는 툴 조합과 접근 순서는 다음과 같습니다. ​ 프론트엔드 및 화면 구현 툴 v0.dev (Vercel) : 디자인한 이미지나 설명을 넣으면 React나 Tailwind CSS 기반의 완성도 높은 컴포넌트 코드를 알아서 척척 짜주는 툴이에요. Cursor (커서 에디터) : 최근 개발자들 사이에서 가장 핫한 AI 기반 코드 에디터인데, 클로드보다 프로젝트 전체의 맥락을 훨씬 잘 이해하며 코딩을 도와줍니다. ​ 2. 백엔드 및 데이터 저장 툴 Supabase (수파베이스) : 성적이나 할 일 목록 데이터를 저장할 수 있는 데이터베이스를 마우스 클릭 몇 번으로 뚝딱 만들어주는 서비스예요. 이 툴들을 조합해서 프로그램을 만드는 전체적인 프로세스는 다음과 같이 진행됩니다. 내 디자인 업로드 (v0.dev) → 화면 코드 생성 → 에디터 연동 (Cursor) → 데이터베이스 연결 (Supabase) → 기능 구현 및 완성 ​ 막연하게 AI에게 ""프로그램 만들어줘""라고 질문하면 원하는 결과물이 나오지 않습니다. ​ AI를 사용할 때는 역할을 부여하고 아주 구체적으로 지시하는 기술이 필요합니다. ​ 처음부터 모든 기능을 다 만들려고 하면 중간에 지쳐서 포기하기 쉽습니다. ​ 핵심 기능인 '할 일 추가하기' 하나부터 먼저 완성을 해보고, 그다음 성적 입력 기능을 붙이는 방식으로 살을 붙여 나가는 것을 추천합니다. ​ 독학으로 인터넷 강의나 책, AI 툴만 붙잡고 공부하다 보면 예상치 못한 오류(에러)가 터졌을 때 해결하지 못해 중도 포기하는 경우가 정말 많거든요. ​ 그래서 요즘은 최신 기술 트렌드에 맞춰 실무 툴의 활용법부터 개인 포트폴리오 제작까지 제대로 케어해 주는 'IT/AI 전문 과정이나 전문 아카데미'가 따로 있습니다. ​ 동네의 일반 컴퓨터 자격증 학원과는 다르게 개발 흐름을 통째로 배울 수 있는 실무형 커리큘럼이 짜여 있어요 . 시간을 아끼고 싶다면, 직장이나 다른 학업과 병행할 수 있는 효율적인 '비대면 온라인 수업(원격 수업)'도 다각도로 열려 있으니 본인에게 맞는 관리 시스템을 갖춘 곳이 어디인지 먼저 직접 알아보시는 것이 좋습니다. ​ 혼자 고민하면 시간만 가고 막막함만 커지니까, 본인의 현재 상황과 하루 투자 시간에 맞춰 계획을 차근차근 세워보시기 바랍니다.

---답변 구분---

안녕하세요? 지식파트너 가비아입니다. ​ UI 디자인이 이미 준비되어 있다면 절반은 완성된 상태입니다. 다만 AI에게 이미지만 보여주고 ""이대로 만들어줘""라고 하면 대부분 화면만 비슷하게 구현하고 실제 기능은 제대로 만들지 못하는 경우가 많습니다. 질문자님처럼 성적 트래커나 할 일 관리 프로그램을 만들고 싶다면 AI에게 단계별로 개발시키는 방식 을 추천드립니다. ​ 예를 들어, 프로젝트 구조 설계 로그인 기능 성적 입력 기능 할 일(Todo) 기능 데이터 저장(DB) UI 적용 처럼 기능별로 나누어 요청하면 훨씬 완성도가 높아집니다. AI 추천으로는 Claude Code : 프로젝트 단위 개발과 코드 수정에 강점 ChatGPT : 기획, 설계, 오류 해결, 코드 설명까지 종합적으로 활용 가능 Cursor : AI와 함께 코드를 작성하는 개발 환경으로 많은 개발자들이 사용 비전공자라면 ChatGPT나 Claude로 기초를 배우면서 Cursor 또는 Claude Code 를 함께 사용하는 조합을 많이 추천드립니다. 또한 피그마 디자인이 있다면 단순히 이미지를 첨부하기보다는 어떤 기능이 필요한지 버튼을 누르면 어떤 동작을 해야 하는지 데이터는 어디에 저장할지 까지 함께 설명하면 AI가 실제로 동작하는 프로그램을 만들어 줄 가능성이 훨씬 높아집니다. 개인적으로는 현재 가장 많이 사용하는 방식이 Cursor + Claude Code 또는 ChatGPT + Claude Code 조합이며, 비전공자도 기초적인 HTML, CSS, JavaScript 정도를 함께 공부하면 원하는 프로그램을 직접 만드는 데 큰 도움이 됩니다. ​ 도움이 되었나요? 가비아였습니다. ​ www.gabia.com 웹을 넘어 클라우드로. 가비아 그룹웨어부터 멀티클라우드까지 하나의 클라우드 허브 www.gabia.com ​

---답변 구분---

데이터베이스를 이용하는 형태라면 AI로만으로는 좀 힘들 수 있습니다. 원하는 일을 위한 데이터베이스도 설계를 하고 그것에 맞게 데이터를 넣거나 뺴거나 할 수 있어야 합니다. 할일 목록은 그나마 기능이 대략 생각나는데.. 성적 트래커는 뭔지 잘 모르겠네요. 어떻게 구현을 하고 어떤 데이터를 저장하고 보여줄지 등도 생각 하셔야 합니다. ​","제가 디자인해놓은 UI 가 있는데 이거를 구현하는 방법을 모르겠어요 ㅠㅠ 클로드랑 피그마랑 다른 것들도 써봤는데 그냥 이미지만 복붙해주는 느낌이어서.. 좀 성적 트래커 할일 목록 이런거 기록하는 프로그램 만들고 싶은데 어느 ai를 어떻게 쓰면 좋을지 조언 좀 해주세요.. AI를 이용하여 생각하는 프로그램을 개발하고자 하면, 먼저 AI같은 프로그램을 만드는 일인 코딩 다른 말로는 프로그래밍을 제대로 배워 컴퓨팅 사고력과 프로그래밍 능력을 갖추도록 하세요. 그러면, 나이, 성별, 학력, 전공과 상관없이 누구나 코딩 다른 말로는 프로그래밍할 수 있습니다. 그래서 생각하는 프로그램을 개발하여 창업도 할 수 있고, 취업도 할 수 있습니다. ​ 본질적으로 창의적인 혹은 창조적인 일인 코딩 다른 말로는 프로그래밍은 무작정 이해하고 외워 하는 일이 아닙니다. 능력을 갖춰야 할 수 있는 일입니다. 따라서 능력을 갖추려면, 아이돌이 될 때처럼 장기간 체계적이고 전문적인 훈련이 필요합니다. ​ 무엇보다도 커뮤ㅠ팅 사고력은 현재나 미래를 살아야 하는 사람이라면, 누구나 반드시 갖춰야 하는 능력입니다. 그러면, 어떠한 산업 분야에서 어떠한 일을 하든, AI에 대체되지 않고, AI를 잘 활용하여 내 일을 즐겁게 계속 잘 할 수 있습니다. 이것이 4차 산업 사회에서 살아야 하는 사람이라면, 누구나 반드시 코딩 다른 말로는 프로그래밍을 배워야 하는 이유입니다. ​ 프로그래밍을 배우려면, 먼저 프로그래밍을 공부하는 방법부터 배우세요. 프로그래밍을 배우는 방법을 알려고 하면, 먼저 최소한 코딩 다른 말로는 프로그래밍을 어떻게 하는지를 개략적으로 이해해야 합니다. 내가 무엇을 하고자 하는지를 개략적으로 이해해야 어떻게 공부해야 하는지를 알 수 있기 때문입니다. ​ 프로그래밍을 어떻게 하는지를 개략적으로 이해하고, 프로그래밍을 어떻게 배워야 하는지를 공부하고자 하면, ""이렇게 하면 나도 프로그램을 잘 만들 수 있다(나프잘)"" 책들로 공부해 보세요. ​ 네이버 카페 ""프로그래밍을 배우자"" cafe.naver.com/parkcom1990 에서 프로그래밍 관련 정보들을 참고해 보세요. 프로그래밍이 무엇인지. 어떻게 해야 프로그래밍할 수 있는지, 어떻게 프로그래밍을 공부해야 하는지 등등 알 수 있습니다. ---답변 구분--- 안녕하세요. 디자인해 두신 UI가 있는데도 막상 코드로 구현하려니 막막하셨을 것 같아요. ​ 클로드나 피그마 플러그인 같은 툴들은 단순한 화면 레이아웃이나 스타일 가이드 위주로만 코드를 짜주는 경우가 많거든요. ​ 질문자님이 원하는 '성적 트래커'나 '할 일 목록'처럼 데이터를 저장하고 기록하는 프로그램을 만들려면 화면(프론트엔드)뿐만 아니라 데이터 처리 기능(백엔드)까지 함께 구현해야 합니다. ​ 아직 코딩이 낯선 초보자라면 AI 기반의 로우코드(Low-code)나 노코드(No-code) 툴을 활용하는 것이 가장 좋습니다. 현재 상황에서 가장 추천해 드리는 툴 조합과 접근 순서는 다음과 같습니다. ​ 프론트엔드 및 화면 구현 툴 v0.dev (Vercel) : 디자인한 이미지나 설명을 넣으면 React나 Tailwind CSS 기반의 완성도 높은 컴포넌트 코드를 알아서 척척 짜주는 툴이에요. Cursor (커서 에디터) : 최근 개발자들 사이에서 가장 핫한 AI 기반 코드 에디터인데, 클로드보다 프로젝트 전체의 맥락을 훨씬 잘 이해하며 코딩을 도와줍니다. ​ 2. 백엔드 및 데이터 저장 툴 Supabase (수파베이스) : 성적이나 할 일 목록 데이터를 저장할 수 있는 데이터베이스를 마우스 클릭 몇 번으로 뚝딱 만들어주는 서비스예요. 이 툴들을 조합해서 프로그램을 만드는 전체적인 프로세스는 다음과 같이 진행됩니다. 내 디자인 업로드 (v0.dev) → 화면 코드 생성 → 에디터 연동 (Cursor) → 데이터베이스 연결 (Supabase) → 기능 구현 및 완성 ​ 막연하게 AI에게 ""프로그램 만들어줘""라고 질문하면 원하는 결과물이 나오지 않습니다. ​ AI를 사용할 때는 역할을 부여하고 아주 구체적으로 지시하는 기술이 필요합니다. ​ 처음부터 모든 기능을 다 만들려고 하면 중간에 지쳐서 포기하기 쉽습니다. ​ 핵심 기능인 '할 일 추가하기' 하나부터 먼저 완성을 해보고, 그다음 성적 입력 기능을 붙이는 방식으로 살을 붙여 나가는 것을 추천합니다. ​ 독학으로 인터넷 강의나 책, AI 툴만 붙잡고 공부하다 보면 예상치 못한 오류(에러)가 터졌을 때 해결하지 못해 중도 포기하는 경우가 정말 많거든요. ​ 그래서 요즘은 최신 기술 트렌드에 맞춰 실무 툴의 활용법부터 개인 포트폴리오 제작까지 제대로 케어해 주는 'IT/AI 전문 과정이나 전문 아카데미'가 따로 있습니다. ​ 동네의 일반 컴퓨터 자격증 학원과는 다르게 개발 흐름을 통째로 배울 수 있는 실무형 커리큘럼이 짜여 있어요 . 시간을 아끼고 싶다면, 직장이나 다른 학업과 병행할 수 있는 효율적인 '비대면 온라인 수업(원격 수업)'도 다각도로 열려 있으니 본인에게 맞는 관리 시스템을 갖춘 곳이 어디인지 먼저 직접 알아보시는 것이 좋습니다. ​ 혼자 고민하면 시간만 가고 막막함만 커지니까, 본인의 현재 상황과 하루 투자 시간에 맞춰 계획을 차근차근 세워보시기 바랍니다. ---답변 구분--- 안녕하세요? 지식파트너 가비아입니다. ​ UI 디자인이 이미 준비되어 있다면 절반은 완성된 상태입니다. 다만 AI에게 이미지만 보여주고 ""이대로 만들어줘""라고 하면 대부분 화면만 비슷하게 구현하고 실제 기능은 제대로 만들지 못하는 경우가 많습니다. 질문자님처럼 성적 트래커나 할 일 관리 프로그램을 만들고 싶다면 AI에게 단계별로 개발시키는 방식 을 추천드립니다. ​ 예를 들어, 프로젝트 구조 설계 로그인 기능 성적 입력 기능 할 일(Todo) 기능 데이터 저장(DB) UI 적용 처럼 기능별로 나누어 요청하면 훨씬 완성도가 높아집니다. AI 추천으로는 Claude Code : 프로젝트 단위 개발과 코드 수정에 강점 ChatGPT : 기획, 설계, 오류 해결, 코드 설명까지 종합적으로 활용 가능 Cursor : AI와 함께 코드를 작성하는 개발 환경으로 많은 개발자들이 사용 비전공자라면 ChatGPT나 Claude로 기초를 배우면서 Cursor 또는 Claude Code 를 함께 사용하는 조합을 많이 추천드립니다. 또한 피그마 디자인이 있다면 단순히 이미지를 첨부하기보다는 어떤 기능이 필요한지 버튼을 누르면 어떤 동작을 해야 하는지 데이터는 어디에 저장할지 까지 함께 설명하면 AI가 실제로 동작하는 프로그램을 만들어 줄 가능성이 훨씬 높아집니다. 개인적으로는 현재 가장 많이 사용하는 방식이 Cursor + Claude Code 또는 ChatGPT + Claude Code 조합이며, 비전공자도 기초적인 HTML, CSS, JavaScript 정도를 함께 공부하면 원하는 프로그램을 직접 만드는 데 큰 도움이 됩니다. ​ 도움이 되었나요? 가비아였습니다. ​ www.gabia.com 웹을 넘어 클라우드로. 가비아 그룹웨어부터 멀티클라우드까지 하나의 클라우드 허브 www.gabia.com ​ ---답변 구분--- 데이터베이스를 이용하는 형태라면 AI로만으로는 좀 힘들 수 있습니다. 원하는 일을 위한 데이터베이스도 설계를 하고 그것에 맞게 데이터를 넣거나 뺴거나 할 수 있어야 합니다. 할일 목록은 그나마 기능이 대략 생각나는데.. 성적 트래커는 뭔지 잘 모르겠네요. 어떻게 구현을 하고 어떤 데이터를 저장하고 보여줄지 등도 생각 하셔야 합니다. ​"
2,493888678,소프트웨어 개발 분야는,https://kin.naver.com/qna/detail.naver?d1id=1&dirId=10405&docId=493888678,2026.06.16.,,소프트웨어 개발 분야는 프로그래머 UP 0 3 2026.06.16.,다른 분야 대비해서 나이를 덜보는 분야라고 보면되요? 아예 안보지는 않는다 하더라도 상대적으로는 덜보는지.,"안녕하세요. ​ 아무래도 상대적으로 치면 실력만 인증받으면 다른 분야들보다야 좀 개방적인 곳들이 많긴합니다. ​ 나이에 대한 고정 관념이 상대적으로 덜 하고 실력적으로 그것이 충분히 증명이 가능한 분야이기 때문인데요. ​ 그래도 아무래도 회사입장에서는 나이를 아예 고려 안 할 수는 없습니다.

---답변 구분---

어떤 회사인지에 따른 차이가 있을것 같네요. 해당 분야는 보통 경력을 많이 따지기 때문에 나이를 많이 보지는 않기는하죠 다만 경력으로 인해서 어느정도 나이가 있는사람들이 대부분이에요",다른 분야 대비해서 나이를 덜보는 분야라고 보면되요? 아예 안보지는 않는다 하더라도 상대적으로는 덜보는지. 안녕하세요. ​ 아무래도 상대적으로 치면 실력만 인증받으면 다른 분야들보다야 좀 개방적인 곳들이 많긴합니다. ​ 나이에 대한 고정 관념이 상대적으로 덜 하고 실력적으로 그것이 충분히 증명이 가능한 분야이기 때문인데요. ​ 그래도 아무래도 회사입장에서는 나이를 아예 고려 안 할 수는 없습니다. ---답변 구분--- 어떤 회사인지에 따른 차이가 있을것 같네요. 해당 분야는 보통 경력을 많이 따지기 때문에 나이를 많이 보지는 않기는하죠 다만 경력으로 인해서 어느정도 나이가 있는사람들이 대부분이에요
2,493868547,"프로젝트 DX, 듀랑고 월드. 대체 언제쯤 나올까요?",https://kin.naver.com/qna/detail.naver?d1id=1&dirId=10405&docId=493868547,2026.06.15.,,"프로젝트 DX, 듀랑고 월드. 대체 언제쯤 나올까요? 프로그래머 UP 0 1 2026.06.15.","유튜브에서 채용공고까지 싹쓰리 설명해주는 영상도 보고 매일 뉴스도 찾아보고 있는데 언제쯤 나올까요? 얼마 전에 클라이언트 프로그래머를 채용하려는 공고도 올렸다고 들었습니다... 소문으로는 2027년에 출시할 예정이라고 하는데, 원작 듀랑고가 본래 PC기반으로 하려다가 모바일로 틀어져서 6년이 걸린 걸 고려해도 슬슬 뭔가 더 자료가 나오거나 출시할 때가 되지 않았을까 싶어서요.. 22년부터 기다리고 있는데 솔직히 24년 지스타 이후로 뭐 보여주는 게 없으니까 기약 없게 느껴져서 올려봅니다.. 게임 관련 업종에서 일하시는 분이나 클라이언트 프로그래머의 업무에 대해 잘 아시는 분의 이야기를 듣고 싶습니다...","프로젝트 DX, 듀랑고 월드. 대체 언제쯤 나올까요 관련 질문이시군요. ​ 듀랑고 월드와 프로젝트 DX와 관련된 공식 발표와 정보는 현재까지 확실히 공개된 바가 없습니다. 소문과 예상에 따르면, 일부는 2027년 출시를 기대하고 있으며, 이는 원작 듀랑고 개발사가 모바일 전환과 관련된 오랜 개발 작업과 맞물렸기 때문입니다. 그러나 공식적인 공개 일정이나 구체적인 출시일은 아직 나오지 않았어요. ​ 최근까지의 정보를 종합하면, 원작 듀랑고가 PC 기반에서 모바일로 전환된 후에 약 6년 정도의 개발 기간이 소요되었고, 현재도 이 프로젝트들이 늦게나마 개발 진행 중이라는 신호들이 업계 내부에서 감지되고 있지만, 확정된 일정은 없습니다. 회사가 클라이언트 프로그래머를 채용하는 공고를 냈다는 점은 개발이 진행 중이거나 계획이 구체화되고 있음을 시사하지만, 이는 제작 단계에 들어갔다는 확실한 신호라고 보기 어렵습니다. ​ 즉, 지금으로서는 2027년이라는 예상 외 공식 발표가 없다면, 공개 일정은 아직 미지수이며, 당초 계획보다 더 늦춰질 가능성도 있습니다. 업계 내에서는 2024년, 혹은 그 이후로도 관련 뉴스나 자료 발표가 기대되고 있지만, 공식적으로 확인된 정보는 아니니 추가적인 대기와 주시가 필요합니다. ​ 클라이언트 프로그래머의 역할은, 이 프로젝트들이 실제 개발 단계에 접어들면서 필수적인 인력으로 계속 필요로 하게 될 가능성이 높으며, 프로그래밍, 시스템 설계, 서버구축, 클라이언트-서버 통신 최적화 작업 등을 담당하게 되니, 관련 업계 흐름을 주시하고 준비하는 것이 좋겠습니다. ​ 도움이 되셨다면 채택 부탁드립니다^^ 추가 질문은 채택 후 답변드립니다.","유튜브에서 채용공고까지 싹쓰리 설명해주는 영상도 보고 매일 뉴스도 찾아보고 있는데 언제쯤 나올까요? 얼마 전에 클라이언트 프로그래머를 채용하려는 공고도 올렸다고 들었습니다... 소문으로는 2027년에 출시할 예정이라고 하는데, 원작 듀랑고가 본래 PC기반으로 하려다가 모바일로 틀어져서 6년이 걸린 걸 고려해도 슬슬 뭔가 더 자료가 나오거나 출시할 때가 되지 않았을까 싶어서요.. 22년부터 기다리고 있는데 솔직히 24년 지스타 이후로 뭐 보여주는 게 없으니까 기약 없게 느껴져서 올려봅니다.. 게임 관련 업종에서 일하시는 분이나 클라이언트 프로그래머의 업무에 대해 잘 아시는 분의 이야기를 듣고 싶습니다... 프로젝트 DX, 듀랑고 월드. 대체 언제쯤 나올까요 관련 질문이시군요. ​ 듀랑고 월드와 프로젝트 DX와 관련된 공식 발표와 정보는 현재까지 확실히 공개된 바가 없습니다. 소문과 예상에 따르면, 일부는 2027년 출시를 기대하고 있으며, 이는 원작 듀랑고 개발사가 모바일 전환과 관련된 오랜 개발 작업과 맞물렸기 때문입니다. 그러나 공식적인 공개 일정이나 구체적인 출시일은 아직 나오지 않았어요. ​ 최근까지의 정보를 종합하면, 원작 듀랑고가 PC 기반에서 모바일로 전환된 후에 약 6년 정도의 개발 기간이 소요되었고, 현재도 이 프로젝트들이 늦게나마 개발 진행 중이라는 신호들이 업계 내부에서 감지되고 있지만, 확정된 일정은 없습니다. 회사가 클라이언트 프로그래머를 채용하는 공고를 냈다는 점은 개발이 진행 중이거나 계획이 구체화되고 있음을 시사하지만, 이는 제작 단계에 들어갔다는 확실한 신호라고 보기 어렵습니다. ​ 즉, 지금으로서는 2027년이라는 예상 외 공식 발표가 없다면, 공개 일정은 아직 미지수이며, 당초 계획보다 더 늦춰질 가능성도 있습니다. 업계 내에서는 2024년, 혹은 그 이후로도 관련 뉴스나 자료 발표가 기대되고 있지만, 공식적으로 확인된 정보는 아니니 추가적인 대기와 주시가 필요합니다. ​ 클라이언트 프로그래머의 역할은, 이 프로젝트들이 실제 개발 단계에 접어들면서 필수적인 인력으로 계속 필요로 하게 될 가능성이 높으며, 프로그래밍, 시스템 설계, 서버구축, 클라이언트-서버 통신 최적화 작업 등을 담당하게 되니, 관련 업계 흐름을 주시하고 준비하는 것이 좋겠습니다. ​ 도움이 되셨다면 채택 부탁드립니다^^ 추가 질문은 채택 후 답변드립니다."
2,493864653,개발자와 ai,https://kin.naver.com/qna/detail.naver?d1id=1&dirId=10405&docId=493864653,2026.06.15.,,개발자와 ai 프로그래머 UP 0 4 2026.06.15.,요즘 AI때문에 개발자 일자리가 많이 줄어든다고도 하는데... 대부분 문제해결 역량이 많이 떨어지는 개발자들에게 해당되는 이야기라고 보면될까요? 한마디로 코딩만 할줄아는 코더들.,"그렇게 보는게 맞을지 모르겠네요. 단순하게 주어지는 요구사항에 맞게 기계적으로 코드를 작성하는 단순 구현 위주의 초급 인력을 많이들 찾지를 않아서...

---답변 구분---

m7기업들도 대거 잘리는 마당에 꼭 그렇다 보기도 힘듦 /최근에는 다시 좀 고용을 했다고 하긴 하더군요 ​ 단지 지금은 아직은 사람 손이 필요하니 그런식으로 구분되어 보이는거고... ​ ​ 산업 전망에 대한 기준이면 비관적인 전망이 좀 더 많을겁니다. ​ 누군가만 할 수 있는 것에서 이제 그 정도는 다들 해야지? 식으로 바뀔거라 생각해요 ​ 클로드니 뭐니 사용해 보세요. 어중이 떠중이는 다 날라가는게 현재입니다. ​

---답변 구분---

맞는 말씀이기도 하지만 틀린 말씀이기도 합니다. ​ 코딩 할 줄 모르는데 이제 배우기 시작하면서 쓰는 사람과 코딩 할 줄 알고 ai도 쓸줄 아는 사람에서는 차이가 납니다. ​ 하지만 코딩을 제대로 할 줄 모르지만 ai에 맞게 질문을 잘하는 사람도 있습니다. 그러면 코딩을 할 줄 알지만 ai를 잘 쓰지 못하는 사람보다는 생존확률이 높아집니다. ​ 코딩 할 줄 아니까 상대적으로 잘 살아남긴 하겠지만 또 그렇다고 무조건 살아 남지도 않고요. ​ 기존에 일하시던 분들이 ai를 배워서 습득하시고 사용하는게 코딩도 하고 ai도 다루는 사람보다 회사에서는 더 편하기 때문에 일자리고 줄어들고 있는 것에도 한 몫하지 않나 싶습니다.",요즘 AI때문에 개발자 일자리가 많이 줄어든다고도 하는데... 대부분 문제해결 역량이 많이 떨어지는 개발자들에게 해당되는 이야기라고 보면될까요? 한마디로 코딩만 할줄아는 코더들. 그렇게 보는게 맞을지 모르겠네요. 단순하게 주어지는 요구사항에 맞게 기계적으로 코드를 작성하는 단순 구현 위주의 초급 인력을 많이들 찾지를 않아서... ---답변 구분--- m7기업들도 대거 잘리는 마당에 꼭 그렇다 보기도 힘듦 /최근에는 다시 좀 고용을 했다고 하긴 하더군요 ​ 단지 지금은 아직은 사람 손이 필요하니 그런식으로 구분되어 보이는거고... ​ ​ 산업 전망에 대한 기준이면 비관적인 전망이 좀 더 많을겁니다. ​ 누군가만 할 수 있는 것에서 이제 그 정도는 다들 해야지? 식으로 바뀔거라 생각해요 ​ 클로드니 뭐니 사용해 보세요. 어중이 떠중이는 다 날라가는게 현재입니다. ​ ---답변 구분--- 맞는 말씀이기도 하지만 틀린 말씀이기도 합니다. ​ 코딩 할 줄 모르는데 이제 배우기 시작하면서 쓰는 사람과 코딩 할 줄 알고 ai도 쓸줄 아는 사람에서는 차이가 납니다. ​ 하지만 코딩을 제대로 할 줄 모르지만 ai에 맞게 질문을 잘하는 사람도 있습니다. 그러면 코딩을 할 줄 알지만 ai를 잘 쓰지 못하는 사람보다는 생존확률이 높아집니다. ​ 코딩 할 줄 아니까 상대적으로 잘 살아남긴 하겠지만 또 그렇다고 무조건 살아 남지도 않고요. ​ 기존에 일하시던 분들이 ai를 배워서 습득하시고 사용하는게 코딩도 하고 ai도 다루는 사람보다 회사에서는 더 편하기 때문에 일자리고 줄어들고 있는 것에도 한 몫하지 않나 싶습니다.
2,493834755,"챗gpt에서 유료 이용할려고 하면 ""miaan",https://kin.naver.com/qna/detail.naver?d1id=1&dirId=10405&docId=493834755,2026.06.13.,,"챗gpt에서 유료 이용할려고 하면 ""miaan 프로그래머 UP 0 2 2026.06.13.","챗gpt에서 유료 이용할려고 하면 ""miaana@naver.com"" is already linked to another account. 이 문구가 뜨는데","이미 해당 이메일이 다른 계정에 연결된 상태이므로 새 결제는 불가합니다. 기존 계정으로 로그인하거나 비밀번호 재설정을 시도하시고, 불가 시 고객지원에 문의하시길 권합니다.

---답변 구분---

챗gpt에서 유료 이용할려고 하면 ""miaan 관련 질문이시군요. ​ 이 메시지는 ""miaana@naver.com"" 이메일 주소가 이미 다른 계정에 연결되어 있어서 새로운 계정에 등록하거나 유료 플랜을 구매하는 데 문제가 있다는 의미입니다. 이 문제를 해결하려면 다음 단계를 따라보세요: ​ 1. 기존 계정 확인: 해당 이메일 주소로 이미 등록된 계정을 찾기 위해 로그인 시도하거나 비밀번호 재설정을 해보세요. 만약 이미 계정이 있다면, 그 계정에 로그인하여 결제나 유료 플랜을 활성화할 수 있습니다. ​ 2. 계정 연결 해제 또는 변경: 만약 기존 계정을 더 이상 사용하지 않거나 새로운 계정을 만들고 싶다면, 기존 계정에서 이메일 연결을 해제하거나 계정을 삭제하는 절차를 진행해야 합니다. 이 과정은 OpenAI 고객지원 또는 계정 관리 페이지에서 가능할 수 있습니다. ​ 3. 고객지원 문의: 문제가 해결되지 않거나 계정을 찾기 어렵다면, OpenAI 고객지원 센터에 문의하세요. 이메일 또는 지원 양식을 통해 ""나의 이메일이 다른 계정에 이미 연결되어 있어서 유료 결제에 문제가 있다""는 내용을 상세히 설명하면, 도움을 받을 수 있습니다. ​ 4. 다른 이메일 주소 사용: 계정을 새로 만들 필요가 있다면, 다른 유효한 이메일 주소를 사용해 새 계정을 생성하는 것도 한 방법입니다. ​ 이상으로, 가장 빠른 해결책은 기존 계정을 먼저 확인하거나 고객지원에 문의하는 것입니다. ​ 도움되셨다면 채택 부탁드립니다! 추가 질문은 채택해주시면 답변해드립니다.","챗gpt에서 유료 이용할려고 하면 ""miaana@naver.com"" is already linked to another account. 이 문구가 뜨는데 이미 해당 이메일이 다른 계정에 연결된 상태이므로 새 결제는 불가합니다. 기존 계정으로 로그인하거나 비밀번호 재설정을 시도하시고, 불가 시 고객지원에 문의하시길 권합니다. ---답변 구분--- 챗gpt에서 유료 이용할려고 하면 ""miaan 관련 질문이시군요. ​ 이 메시지는 ""miaana@naver.com"" 이메일 주소가 이미 다른 계정에 연결되어 있어서 새로운 계정에 등록하거나 유료 플랜을 구매하는 데 문제가 있다는 의미입니다. 이 문제를 해결하려면 다음 단계를 따라보세요: ​ 1. 기존 계정 확인: 해당 이메일 주소로 이미 등록된 계정을 찾기 위해 로그인 시도하거나 비밀번호 재설정을 해보세요. 만약 이미 계정이 있다면, 그 계정에 로그인하여 결제나 유료 플랜을 활성화할 수 있습니다. ​ 2. 계정 연결 해제 또는 변경: 만약 기존 계정을 더 이상 사용하지 않거나 새로운 계정을 만들고 싶다면, 기존 계정에서 이메일 연결을 해제하거나 계정을 삭제하는 절차를 진행해야 합니다. 이 과정은 OpenAI 고객지원 또는 계정 관리 페이지에서 가능할 수 있습니다. ​ 3. 고객지원 문의: 문제가 해결되지 않거나 계정을 찾기 어렵다면, OpenAI 고객지원 센터에 문의하세요. 이메일 또는 지원 양식을 통해 ""나의 이메일이 다른 계정에 이미 연결되어 있어서 유료 결제에 문제가 있다""는 내용을 상세히 설명하면, 도움을 받을 수 있습니다. ​ 4. 다른 이메일 주소 사용: 계정을 새로 만들 필요가 있다면, 다른 유효한 이메일 주소를 사용해 새 계정을 생성하는 것도 한 방법입니다. ​ 이상으로, 가장 빠른 해결책은 기존 계정을 먼저 확인하거나 고객지원에 문의하는 것입니다. ​ 도움되셨다면 채택 부탁드립니다! 추가 질문은 채택해주시면 답변해드립니다."
2,493760607,RAG를 구축할려고 합니다.,https://kin.naver.com/qna/detail.naver?d1id=1&dirId=10405&docId=493760607,2026.06.09.,,RAG를 구축할려고 합니다. 프로그래머 UP 1 1 2026.06.09.,RAG를 구축하기 전 문서 분석을 해야 한다 하는데 레이아웃 구성이나 단어(도메인) 사전을 위해 분석하는 거 아닌가요? 다른 작업도 있나요?,"네, 말씀하신 레이아웃 분석과 도메인 사전 구축 외에도 RAG(검색 증강 생성)의 성능을 결정짓는 수많은 필수 문서 분석 작업들이 존재합니다. RAG 시스템의 성공 여부는 '거대언어모델(LLM)이 답변하기 가장 좋은 형태로 데이터를 정제하여 넘겨주는 것'에 달려 있습니다. 이를 위해 문서 분석 단계에서 반드시 함께 진행해야 하는 핵심 작업들을 정리해 드립니다. 1. 청킹(Chunking) 전략 수립을 위한 텍스트 구조 분석 문서를 통째로 vector DB에 넣을 수 없기 때문에 의미 있는 단위로 잘라야(Chunking) 합니다. 의미적 응집성 분석 : 단순 글자 수(예: 500자)로 자르면 문맥이 끊어집니다. 소제목, 문단, 페이지 등 의미가 끊어지는 기준을 분석합니다. 텍스트 밀도 분석 : 표, 그림, 각주, 참조 링크 등이 본문 문맥과 어떻게 연결되는지 파악하여 분리 및 병합 규칙을 정합니다. [ 1 , 2 ] 2. 메타데이터(Metadata) 추출 정의 검색 정확도를 극대화하기 위해 문서에서 필터링에 사용할 속성 정보를 뽑아내야 합니다. 카테고리 분류 : 문서의 생성일, 작성자, 부서, 보안 등급, 문서 유형(지침서, 보고서, Q&A 등)을 분석하여 분류 체계를 만듭니다. 하이브리드 검색 설계 : 키워드 검색(BM25)과 벡터 검색을 혼합할 때, 어떤 메타데이터 필드를 가중치로 사용할지 분석합니다. 3. 데이터 정제(Cleaning) 및 노이즈 제거 규칙 수립 원본 문서에는 LLM의 환각(Hallucination)을 유발하거나 검색 효율을 떨어뜨리는 요소가 많습니다. 불필요한 요소 식별 : 페이지 번호, 반복되는 머리말/꼬리말(Header/Footer), 워터마크, 깨진 문자 등을 전처리 과정에서 지우기 위한 규칙을 만듭니다. 개인정보 및 보안 데이터 마스킹 : 주민등록번호, 전화번호, 내부 기밀 사항 등 외부 LLM API로 유출되면 안 되는 민감 정보를 탐지하고 처리하는 가이드라인을 세웁니다. 4. 문서 간의 관계성(Lineage) 및 연결 구조 분석 단일 문서 안의 내용뿐만 아니라, 여러 문서 간의 상관관계를 분석합니다. 개정 이력 관리 : 동일한 규정의 '2024년 버전'과 '2026년 버전'이 있을 때, 구버전 데이터를 어떻게 처리(삭제 또는 아카이빙)할지 분석합니다. 참조 링크 구조화 : ""A 지침서 제3조에 의거하여~"" 같은 문구가 있을 때, 고도화된 RAG(Graph RAG 등) 구축을 위해 문서 간 연결 고리를 맵핑합니다. 5. 사용자 질의(Query) 패턴과의 매칭 분석 실제 사용자들이 던질 질문의 형태와 보유한 문서의 형태가 일치하는지 비교합니다. 질문-답변 매칭성 : 사용자는 짧은 구어체로 질문하는데 문서 문체는 딱딱한 서술형 문어체라면 인식률이 떨어집니다. 이를 해결하기 위해 문서를 '예상 Q&A 세트'로 변환(Generated Pseudo-Queries)해야 할지 여부를 분석 단계에서 판단합니다. 요약: 문서 분석 체크리스트 분석 영역 주요 목적 수행 작업 레이아웃 & 단어 텍스트 추출 및 오인식 방지 표/이미지 파싱 규칙 수립, 도메인 용어집(Synonym) 정의 청킹 전략 검색 단위의 최적화 문단/소제목 기반 분할 기준 수립, 중첩 구간(Overlap) 크기 결정 메타데이터 1차 필터링 및 검색 정확도 향상 문서 속성(날짜, 카테고리, 권한) 분류 체계 정의 데이터 정제 LLM 환각 방지 및 보안 머리말/꼬리말 제거 규칙, 개인정보 및 기밀 데이터 식별 연관성 분석 최신성 유지 및 고도화 문서 개정 이력 추적 규칙, 문서 간 참조 관계 맵핑 RAG 구축 전 문서 분석은 단순히 '텍스트를 읽기 좋게 만드는 것'을 넘어 'DB에 어떻게 저장하고(Embedding), 어떻게 찾을 것인가(Retrieval)'의 전체 아키텍처를 설계하는 과정 으로 접근하셔야 시행착오를 줄일 수 있습니다. 답변 채택 부탁드려요.","RAG를 구축하기 전 문서 분석을 해야 한다 하는데 레이아웃 구성이나 단어(도메인) 사전을 위해 분석하는 거 아닌가요? 다른 작업도 있나요? 네, 말씀하신 레이아웃 분석과 도메인 사전 구축 외에도 RAG(검색 증강 생성)의 성능을 결정짓는 수많은 필수 문서 분석 작업들이 존재합니다. RAG 시스템의 성공 여부는 '거대언어모델(LLM)이 답변하기 가장 좋은 형태로 데이터를 정제하여 넘겨주는 것'에 달려 있습니다. 이를 위해 문서 분석 단계에서 반드시 함께 진행해야 하는 핵심 작업들을 정리해 드립니다. 1. 청킹(Chunking) 전략 수립을 위한 텍스트 구조 분석 문서를 통째로 vector DB에 넣을 수 없기 때문에 의미 있는 단위로 잘라야(Chunking) 합니다. 의미적 응집성 분석 : 단순 글자 수(예: 500자)로 자르면 문맥이 끊어집니다. 소제목, 문단, 페이지 등 의미가 끊어지는 기준을 분석합니다. 텍스트 밀도 분석 : 표, 그림, 각주, 참조 링크 등이 본문 문맥과 어떻게 연결되는지 파악하여 분리 및 병합 규칙을 정합니다. [ 1 , 2 ] 2. 메타데이터(Metadata) 추출 정의 검색 정확도를 극대화하기 위해 문서에서 필터링에 사용할 속성 정보를 뽑아내야 합니다. 카테고리 분류 : 문서의 생성일, 작성자, 부서, 보안 등급, 문서 유형(지침서, 보고서, Q&A 등)을 분석하여 분류 체계를 만듭니다. 하이브리드 검색 설계 : 키워드 검색(BM25)과 벡터 검색을 혼합할 때, 어떤 메타데이터 필드를 가중치로 사용할지 분석합니다. 3. 데이터 정제(Cleaning) 및 노이즈 제거 규칙 수립 원본 문서에는 LLM의 환각(Hallucination)을 유발하거나 검색 효율을 떨어뜨리는 요소가 많습니다. 불필요한 요소 식별 : 페이지 번호, 반복되는 머리말/꼬리말(Header/Footer), 워터마크, 깨진 문자 등을 전처리 과정에서 지우기 위한 규칙을 만듭니다. 개인정보 및 보안 데이터 마스킹 : 주민등록번호, 전화번호, 내부 기밀 사항 등 외부 LLM API로 유출되면 안 되는 민감 정보를 탐지하고 처리하는 가이드라인을 세웁니다. 4. 문서 간의 관계성(Lineage) 및 연결 구조 분석 단일 문서 안의 내용뿐만 아니라, 여러 문서 간의 상관관계를 분석합니다. 개정 이력 관리 : 동일한 규정의 '2024년 버전'과 '2026년 버전'이 있을 때, 구버전 데이터를 어떻게 처리(삭제 또는 아카이빙)할지 분석합니다. 참조 링크 구조화 : ""A 지침서 제3조에 의거하여~"" 같은 문구가 있을 때, 고도화된 RAG(Graph RAG 등) 구축을 위해 문서 간 연결 고리를 맵핑합니다. 5. 사용자 질의(Query) 패턴과의 매칭 분석 실제 사용자들이 던질 질문의 형태와 보유한 문서의 형태가 일치하는지 비교합니다. 질문-답변 매칭성 : 사용자는 짧은 구어체로 질문하는데 문서 문체는 딱딱한 서술형 문어체라면 인식률이 떨어집니다. 이를 해결하기 위해 문서를 '예상 Q&A 세트'로 변환(Generated Pseudo-Queries)해야 할지 여부를 분석 단계에서 판단합니다. 요약: 문서 분석 체크리스트 분석 영역 주요 목적 수행 작업 레이아웃 & 단어 텍스트 추출 및 오인식 방지 표/이미지 파싱 규칙 수립, 도메인 용어집(Synonym) 정의 청킹 전략 검색 단위의 최적화 문단/소제목 기반 분할 기준 수립, 중첩 구간(Overlap) 크기 결정 메타데이터 1차 필터링 및 검색 정확도 향상 문서 속성(날짜, 카테고리, 권한) 분류 체계 정의 데이터 정제 LLM 환각 방지 및 보안 머리말/꼬리말 제거 규칙, 개인정보 및 기밀 데이터 식별 연관성 분석 최신성 유지 및 고도화 문서 개정 이력 추적 규칙, 문서 간 참조 관계 맵핑 RAG 구축 전 문서 분석은 단순히 '텍스트를 읽기 좋게 만드는 것'을 넘어 'DB에 어떻게 저장하고(Embedding), 어떻게 찾을 것인가(Retrieval)'의 전체 아키텍처를 설계하는 과정 으로 접근하셔야 시행착오를 줄일 수 있습니다. 답변 채택 부탁드려요."
2,493717025,랩터 프로그램,https://kin.naver.com/qna/detail.naver?d1id=1&dirId=10405&docId=493717025,2026.06.06.,,랩터 프로그램 프로그래머 UP 0 0 2026.06.06.,레지스터 편집기로 랩터 프로그램 루프 yes와 no의 방향을 바꾸는 법 알려주세요ㅠㅠ 사진과 같은 방법으로 하면 된다는데 어디에서 해야하는지 까먹었어요 그리고 어제는 해봤었는데 안 됐던 걸로 기억해요..,,레지스터 편집기로 랩터 프로그램 루프 yes와 no의 방향을 바꾸는 법 알려주세요ㅠㅠ 사진과 같은 방법으로 하면 된다는데 어디에서 해야하는지 까먹었어요 그리고 어제는 해봤었는데 안 됐던 걸로 기억해요..
2,493713139,도와주세요,https://kin.naver.com/qna/detail.naver?d1id=1&dirId=10405&docId=493713139,2026.06.06.,,도와주세요 프로그래머 UP 0 2 2026.06.06.,"안녕하세요 일단 저는 현재 it특성화고등학교에 재학중인 학생입니다. 저는 중1 중순쯔음부터 코딩을 배우기 시작해 남들보단 월등히 잘하진않지만 그래도 적당히 잘하는편이라고 생각합니다. 그런데 사실 코딩이랑 저의 적성이랑은 사실 잘 안맞는것 같습니다. 앞서 말했듯이 제 또래들보다 좀더 코딩을 오래 배웠지만 남들보다 그렇게 잘하는것 같지도 않고 진정으로 제가 좋아하는것이 무엇인지도 모르겠습니다. 심지어 최근들어선 삶의 목표가 없는데 왜 살아가는지조차 모르겠습니다. 그리고 다른길로 틀고 싶어도 소프트웨어 계열 고등학교에 입학 하기도 하였고, 코딩처럼 공부, 예체능 계열에도 재능이 없어 남들보다 훨씬 열심히 해야 따라잡을 수준인것 같습니다... 이런 저에게도 잘하는것이 있을까요... 모르겠습니다","안녕하세요. 질문자님이 작성해주신 고민 글을 읽으면서 마음이 참 먹먹하기도 하고, 한편으로는 제 고등학생 시절이 떠오르기도 했습니다. ​ 중학교 때부터 코딩을 시작해 특성화고까지 진학할 정도라면 그동안 정말 성실하게 한 길을 걸어온 친구인 것 같아요. ​ 지금 당장은 남들보다 엄청나게 뛰어난 것 같지 않고 적성에도 안 맞는 것 같아서 눈앞이 캄캄하겠지만, 절대 자책하지 않았으면 좋겠습니다. ​ 아직 10대이기도 하고, 내가 진짜 좋아하는 게 무엇인지 찾아가는 과정에서 누구나 겪는 아주 자연스러운 성장통이거든요. ​ 공부나 예체능에 재능이 없다고 생각해서 다른 길로 돌리기가 무섭다고 하셨지요. ​ 그런데 이미 코딩을 다룰 줄 안다는 것 자체가 IT 세상에서는 엄청난 무기이자 남들보다 몇 보 앞서 출발한 셈입니다. ​ 개발자만 코딩을 하는 게 아니라, 이 기술을 베이스로 삼아 나아갈 수 있는 다른 매력적인 길들이 정말 많거든요. ​ 개발 코딩 자체가 안 맞는다면, 기술적인 지식을 바탕으로 사람들과 소통하거나 기획하는 분야로 눈을 돌려보는 것을 추천합니다. ■ 코딩 경험을 살려 도전할 수 있는 대안 직무 IT 서비스 기획자 / PM (프로덕트 매니저) : 개발자와 디자이너 사이에서 소통하며 어떤 프로그램을 만들지 설계하고 조율하는 역할입니다. 코딩을 이해하는 기획자는 업계에서 엄청난 우대를 받습니다. UI/UX 디자인 및 퍼블리싱 : 화면을 예쁘고 편리하게 꾸미는 영역으로, 코딩 지식이 있으면 디자이너로서의 경쟁력이 배로 뜁니다. IT 기술 영업 / 마케팅 : 제품의 기술적 특징을 잘 이해한 상태에서 고객사나 소비자에게 IT 서비스를 홍보하고 제안하는 업무입니다. 앞으로 어떤 방향으로 가야 할지 너무 막막하다면, 우선은 학교 공부 외에 조금 더 넓은 시야로 IT 트렌드를 접해보는 것을 권합니다. ​ 무작정 책만 보며 혼자 끙끙 앓다 보면 금방 지치고 슬럼프가 깊어지기 마련이거든요. ​ 요즘은 최신 기술 트렌드에 맞춰 실무 툴을 배우거나 포트폴리오를 만들어볼 수 있는 IT/AI 전문 아카데미나 전문 교육 과정들이 정말 잘 되어 있습니다. ​ 동네에 있는 일반 자격증 학원들과는 다르게, 현업에서 쓰는 최신 기술을 접하며 내 적성이 어디에 맞는지 테스트해 볼 수 있는 기회가 많습니다. ​ 집이 멀거나 학교 생활과 병행하기 부담스럽다면 통학 시간을 아낄 수 있는 비대면 온라인 원격 수업도 좋은 선택지가 될 수 있습니다. 본인이 정말 좋아하고 흥미를 느낄 만한 세부 과정이 있는지, 관리 시스템은 어떤지 가볍게 먼저 알아보는 것부터 시작해 보세요. ​ 혼자 고민하면 시간만 가고 부정적인 생각에 갇히기 쉬우니, 본인의 현재 상황에 맞춰서 아주 작은 계획부터 차근차근 세워보는 게 좋습니다. 지금까지 버텨온 시간들은 절대 헛된 것이 아니며, 질문자님은 생각보다 더 많은 가능성을 가지고 있다는 걸 꼭 기억해 주세요. 더 궁금한 점이 있거나, 본인의 구체적인 상황에 맞는 진로 커리큘럼이 궁금하다면 프로필의 카드를 통해 편하게 물어보세요.

---답변 구분---

https://dohunstudy.xyz/ 도헌스터디 - 프리미엄 코딩 교육 플랫폼 실전 프로젝트와 자동 채점 시스템을 갖춘 프리미엄 코딩 학습 플랫폼에서 프로그래밍을 시작하세요. dohunstudy.xyz 무료로 코딩을 배울수 있는 도헌스터디 사이트를 이용해보세요!! 저도 이용중인데 되게 좋아요. 설명도 어린이도 이해할만큼 잘 되어있어요","안녕하세요 일단 저는 현재 it특성화고등학교에 재학중인 학생입니다. 저는 중1 중순쯔음부터 코딩을 배우기 시작해 남들보단 월등히 잘하진않지만 그래도 적당히 잘하는편이라고 생각합니다. 그런데 사실 코딩이랑 저의 적성이랑은 사실 잘 안맞는것 같습니다. 앞서 말했듯이 제 또래들보다 좀더 코딩을 오래 배웠지만 남들보다 그렇게 잘하는것 같지도 않고 진정으로 제가 좋아하는것이 무엇인지도 모르겠습니다. 심지어 최근들어선 삶의 목표가 없는데 왜 살아가는지조차 모르겠습니다. 그리고 다른길로 틀고 싶어도 소프트웨어 계열 고등학교에 입학 하기도 하였고, 코딩처럼 공부, 예체능 계열에도 재능이 없어 남들보다 훨씬 열심히 해야 따라잡을 수준인것 같습니다... 이런 저에게도 잘하는것이 있을까요... 모르겠습니다 안녕하세요. 질문자님이 작성해주신 고민 글을 읽으면서 마음이 참 먹먹하기도 하고, 한편으로는 제 고등학생 시절이 떠오르기도 했습니다. ​ 중학교 때부터 코딩을 시작해 특성화고까지 진학할 정도라면 그동안 정말 성실하게 한 길을 걸어온 친구인 것 같아요. ​ 지금 당장은 남들보다 엄청나게 뛰어난 것 같지 않고 적성에도 안 맞는 것 같아서 눈앞이 캄캄하겠지만, 절대 자책하지 않았으면 좋겠습니다. ​ 아직 10대이기도 하고, 내가 진짜 좋아하는 게 무엇인지 찾아가는 과정에서 누구나 겪는 아주 자연스러운 성장통이거든요. ​ 공부나 예체능에 재능이 없다고 생각해서 다른 길로 돌리기가 무섭다고 하셨지요. ​ 그런데 이미 코딩을 다룰 줄 안다는 것 자체가 IT 세상에서는 엄청난 무기이자 남들보다 몇 보 앞서 출발한 셈입니다. ​ 개발자만 코딩을 하는 게 아니라, 이 기술을 베이스로 삼아 나아갈 수 있는 다른 매력적인 길들이 정말 많거든요. ​ 개발 코딩 자체가 안 맞는다면, 기술적인 지식을 바탕으로 사람들과 소통하거나 기획하는 분야로 눈을 돌려보는 것을 추천합니다. ■ 코딩 경험을 살려 도전할 수 있는 대안 직무 IT 서비스 기획자 / PM (프로덕트 매니저) : 개발자와 디자이너 사이에서 소통하며 어떤 프로그램을 만들지 설계하고 조율하는 역할입니다. 코딩을 이해하는 기획자는 업계에서 엄청난 우대를 받습니다. UI/UX 디자인 및 퍼블리싱 : 화면을 예쁘고 편리하게 꾸미는 영역으로, 코딩 지식이 있으면 디자이너로서의 경쟁력이 배로 뜁니다. IT 기술 영업 / 마케팅 : 제품의 기술적 특징을 잘 이해한 상태에서 고객사나 소비자에게 IT 서비스를 홍보하고 제안하는 업무입니다. 앞으로 어떤 방향으로 가야 할지 너무 막막하다면, 우선은 학교 공부 외에 조금 더 넓은 시야로 IT 트렌드를 접해보는 것을 권합니다. ​ 무작정 책만 보며 혼자 끙끙 앓다 보면 금방 지치고 슬럼프가 깊어지기 마련이거든요. ​ 요즘은 최신 기술 트렌드에 맞춰 실무 툴을 배우거나 포트폴리오를 만들어볼 수 있는 IT/AI 전문 아카데미나 전문 교육 과정들이 정말 잘 되어 있습니다. ​ 동네에 있는 일반 자격증 학원들과는 다르게, 현업에서 쓰는 최신 기술을 접하며 내 적성이 어디에 맞는지 테스트해 볼 수 있는 기회가 많습니다. ​ 집이 멀거나 학교 생활과 병행하기 부담스럽다면 통학 시간을 아낄 수 있는 비대면 온라인 원격 수업도 좋은 선택지가 될 수 있습니다. 본인이 정말 좋아하고 흥미를 느낄 만한 세부 과정이 있는지, 관리 시스템은 어떤지 가볍게 먼저 알아보는 것부터 시작해 보세요. ​ 혼자 고민하면 시간만 가고 부정적인 생각에 갇히기 쉬우니, 본인의 현재 상황에 맞춰서 아주 작은 계획부터 차근차근 세워보는 게 좋습니다. 지금까지 버텨온 시간들은 절대 헛된 것이 아니며, 질문자님은 생각보다 더 많은 가능성을 가지고 있다는 걸 꼭 기억해 주세요. 더 궁금한 점이 있거나, 본인의 구체적인 상황에 맞는 진로 커리큘럼이 궁금하다면 프로필의 카드를 통해 편하게 물어보세요. ---답변 구분--- https://dohunstudy.xyz/ 도헌스터디 - 프리미엄 코딩 교육 플랫폼 실전 프로젝트와 자동 채점 시스템을 갖춘 프리미엄 코딩 학습 플랫폼에서 프로그래밍을 시작하세요. dohunstudy.xyz 무료로 코딩을 배울수 있는 도헌스터디 사이트를 이용해보세요!! 저도 이용중인데 되게 좋아요. 설명도 어린이도 이해할만큼 잘 되어있어요"
2,493662830,컴공 졸업작품 만드려면 어떤 걸 할 수 있어야 하나요?,https://kin.naver.com/qna/detail.naver?d1id=1&dirId=10405&docId=493662830,2026.06.02.,,컴공 졸업작품 만드려면 어떤 걸 할 수 있어야 하나요? 프로그래머 UP 1 4 2026.06.02.,"안녕하세요 컴퓨터공학과 3학년 학생입니다. 전공을 안살리고 싶은데 졸업은 해야해서 졸업작품이 많이 걱정이 되는데요, 현재는 c언어만 다룰 수 있는 상황으로, 내년 졸업작품 제작을 대비해서 뭘 공부하는 게 좋을까요?","안녕하세요. ​ 아주 솔직하게 말씀드려서 컴공은 졸업작품이 다른 과에 비해 매우매우 난이도가 낮다고 생각합니다. 이유는 졸업작품으로 쓸만한 공개된 자료가 너무 많아요... 지금 하시는 고민이 조금도 고민사항이 아니실겁니다.. ​ 졸업작품 급으로 쓸만한 아이디어만 생각하시고 그다음 자료찾고 하시면 충분해요.. 웬만한건 공개된게 많아서요... ​ 하다 못해 AI에게 만들어달라해도 만들수있는 시대자나요. ​ 너무 걱정마시고 C는 공개된자료가 다른언어에 비해 매우작기 때문에 파이썬 정도라도 알아두시면 좋습니다. 컴공을 안살리더라도 파이썬정도만 제대로 알고있어도 살아가는데 사무직으로 살아가신다면 도움될만한 일들이 생깁니다. ​ 아이디어 위주의 생각 + 파이썬 정도 추천드립니다.

---답변 구분---

우선 선배들의 졸업작품들이 무엇인지 먼저 살펴보세요. 적어도 그정도 수준으로 해야 할것이니... 그리고 그와 비슷한 형태로 찾아보시는게 좋을 것 같습니다.

---답변 구분---

C언어를 할 줄 안다면 우선 자료구조와 알고리즘을 공부하고, 추가로 Python과 웹 개발(HTML, CSS, JavaScript)을 배우는 것을 추천드립니다. 졸업작품은 보통 웹사이트, 앱, 관리 프로그램, AI 챗봇 등을 많이 제작하므로 MySQL 같은 데이터베이스도 함께 공부하면 도움이 됩니다. 내년 졸업작품을 목표로 한다면 C언어 → 자료구조 Python HTML/CSS/JavaScript MySQL 순서로 공부하시면 충분히 준비 가능합니다. ​

---답변 구분---

안녕하세요. 3학년이면 슬슬 졸업작품 압박이 현실로 다가올 시기라 고민이 참 많겠어요. 특히 전공을 살리지 않을 생각인데 졸업은 해야 하니, 시간과 노력을 얼마나 투자해야 할지 막막한 그 마음 정말 이해가 갑니다. ​ 현재 C언어만 다룰 수 있는 상태라면 지금부터 조금씩 방향을 잡고 준비해야 내년에 고생하지 않거든요. ​ 현실적으로 졸업작품을 완성하기 위해 지금부터 무엇을 준비하면 좋을지 선배의 마음으로 차근차근 짚어 드릴게요. 1. 현실적인 졸업작품 목표 설정하기 ​ C언어는 훌륭한 언어지만, 아쉽게도 요즘 졸업작품으로 많이 만드는 웹 서비스나 모바일 앱을 뚝딱 만들어내기에는 접근성이 조금 떨어집니다. 따라서 지금부터는 눈에 보이고 결과물이 비교적 빨리 나오는 분야로 방향을 트는 것이 훨씬 유리해요. ​ 비전공자로 나아갈 예정이니 너무 복잡한 인공지능이나 무거운 시스템 개발보다는, 구현하기 쉽고 자료가 많은 분야를 추천합니다. 추천 분야 1: 웹 서비스 개발 (가장 무난하고 자료가 많음) 추천 분야 2: 아두이노를 활용한 IoT 제작 (C언어 베이스라 진입장벽이 낮음) ​ 2. 지금부터 준비해야 할 학습 테크트리 남은 기간 동안 막연하게 이것저것 공부하기보다는, 선택한 분야에 맞춰 필요한 기술만 쏙쏙 골라 배워야 시간을 아낄 수 있습니다. ​ [웹 서비스 개발을 선택할 경우] HTML/CSS 기초 학습 → JavaScript 공부 → Web 프레임워크(Node.js 등) 활용 → 데이터베이스(MySQL 등) 연동 → 졸업작품 완성 ​ [IoT/임베디드 개발을 선택할 경우] C언어 복습 → 아두이노 키트 구매 및 기초 센서 제어 → 부품 및 모듈 조립 → 하드웨어동작 구현 → 졸업작품 완성 ​ 3. 효율적으로 졸업작품을 끝내는 실전 팁 혼자서 맨땅에 헤딩하듯 인터넷 강의나 책만 보고 공부하면 중간에 막혔을 때 포기하기 쉽고 시간도 오래 걸립니다. 특히 전공에 흥미가 없는 상태라면 진도를 끝까지 빼는 것 자체가 엄청난 스트레스가 될 수 있거든요. 컴퓨터공학과 특성상 요즘은 단순 이론보다 실무 툴을 다뤄본 경험이 중요한데, 동네의 일반 자격증 학원에서는 이런 졸업작품 수준의 프로젝트를 케어해주기 어렵습니다. 최근에는 실무 프로젝트와 포트폴리오를 전문적으로 다루는 IT/AI 전문 아카데미나 전문 과정들이 잘 개설되어 있어요. 이런 곳에서 체계적인 커리큘럼의 도움을 받으면 생각보다 훨씬 수월하게 결과물을 만들어낼 수 있으니 참고해 보세요. 직접 방문하기 어렵다면 통학 시간을 아끼고 학업과 병행할 수 있는 비대면 온라인 원격 수업도 좋은 대안이 될 수 있습니다. 혼자 고민하면 시간만 가고 불안감만 커지니까, 본인의 하루 투자 가능 시간이나 성향에 맞춰 계획을 차근차근 세워보는 것을 추천합니다. 더 궁금한 점이 있거나 본인의 구체적인 상황에 맞는 학습 과정, 국비지원 혜택 등이 알고 싶다면 프로필의 카드를 통해 편하게 물어보세요.","안녕하세요 컴퓨터공학과 3학년 학생입니다. 전공을 안살리고 싶은데 졸업은 해야해서 졸업작품이 많이 걱정이 되는데요, 현재는 c언어만 다룰 수 있는 상황으로, 내년 졸업작품 제작을 대비해서 뭘 공부하는 게 좋을까요? 안녕하세요. ​ 아주 솔직하게 말씀드려서 컴공은 졸업작품이 다른 과에 비해 매우매우 난이도가 낮다고 생각합니다. 이유는 졸업작품으로 쓸만한 공개된 자료가 너무 많아요... 지금 하시는 고민이 조금도 고민사항이 아니실겁니다.. ​ 졸업작품 급으로 쓸만한 아이디어만 생각하시고 그다음 자료찾고 하시면 충분해요.. 웬만한건 공개된게 많아서요... ​ 하다 못해 AI에게 만들어달라해도 만들수있는 시대자나요. ​ 너무 걱정마시고 C는 공개된자료가 다른언어에 비해 매우작기 때문에 파이썬 정도라도 알아두시면 좋습니다. 컴공을 안살리더라도 파이썬정도만 제대로 알고있어도 살아가는데 사무직으로 살아가신다면 도움될만한 일들이 생깁니다. ​ 아이디어 위주의 생각 + 파이썬 정도 추천드립니다. ---답변 구분--- 우선 선배들의 졸업작품들이 무엇인지 먼저 살펴보세요. 적어도 그정도 수준으로 해야 할것이니... 그리고 그와 비슷한 형태로 찾아보시는게 좋을 것 같습니다. ---답변 구분--- C언어를 할 줄 안다면 우선 자료구조와 알고리즘을 공부하고, 추가로 Python과 웹 개발(HTML, CSS, JavaScript)을 배우는 것을 추천드립니다. 졸업작품은 보통 웹사이트, 앱, 관리 프로그램, AI 챗봇 등을 많이 제작하므로 MySQL 같은 데이터베이스도 함께 공부하면 도움이 됩니다. 내년 졸업작품을 목표로 한다면 C언어 → 자료구조 Python HTML/CSS/JavaScript MySQL 순서로 공부하시면 충분히 준비 가능합니다. ​ ---답변 구분--- 안녕하세요. 3학년이면 슬슬 졸업작품 압박이 현실로 다가올 시기라 고민이 참 많겠어요. 특히 전공을 살리지 않을 생각인데 졸업은 해야 하니, 시간과 노력을 얼마나 투자해야 할지 막막한 그 마음 정말 이해가 갑니다. ​ 현재 C언어만 다룰 수 있는 상태라면 지금부터 조금씩 방향을 잡고 준비해야 내년에 고생하지 않거든요. ​ 현실적으로 졸업작품을 완성하기 위해 지금부터 무엇을 준비하면 좋을지 선배의 마음으로 차근차근 짚어 드릴게요. 1. 현실적인 졸업작품 목표 설정하기 ​ C언어는 훌륭한 언어지만, 아쉽게도 요즘 졸업작품으로 많이 만드는 웹 서비스나 모바일 앱을 뚝딱 만들어내기에는 접근성이 조금 떨어집니다. 따라서 지금부터는 눈에 보이고 결과물이 비교적 빨리 나오는 분야로 방향을 트는 것이 훨씬 유리해요. ​ 비전공자로 나아갈 예정이니 너무 복잡한 인공지능이나 무거운 시스템 개발보다는, 구현하기 쉽고 자료가 많은 분야를 추천합니다. 추천 분야 1: 웹 서비스 개발 (가장 무난하고 자료가 많음) 추천 분야 2: 아두이노를 활용한 IoT 제작 (C언어 베이스라 진입장벽이 낮음) ​ 2. 지금부터 준비해야 할 학습 테크트리 남은 기간 동안 막연하게 이것저것 공부하기보다는, 선택한 분야에 맞춰 필요한 기술만 쏙쏙 골라 배워야 시간을 아낄 수 있습니다. ​ [웹 서비스 개발을 선택할 경우] HTML/CSS 기초 학습 → JavaScript 공부 → Web 프레임워크(Node.js 등) 활용 → 데이터베이스(MySQL 등) 연동 → 졸업작품 완성 ​ [IoT/임베디드 개발을 선택할 경우] C언어 복습 → 아두이노 키트 구매 및 기초 센서 제어 → 부품 및 모듈 조립 → 하드웨어동작 구현 → 졸업작품 완성 ​ 3. 효율적으로 졸업작품을 끝내는 실전 팁 혼자서 맨땅에 헤딩하듯 인터넷 강의나 책만 보고 공부하면 중간에 막혔을 때 포기하기 쉽고 시간도 오래 걸립니다. 특히 전공에 흥미가 없는 상태라면 진도를 끝까지 빼는 것 자체가 엄청난 스트레스가 될 수 있거든요. 컴퓨터공학과 특성상 요즘은 단순 이론보다 실무 툴을 다뤄본 경험이 중요한데, 동네의 일반 자격증 학원에서는 이런 졸업작품 수준의 프로젝트를 케어해주기 어렵습니다. 최근에는 실무 프로젝트와 포트폴리오를 전문적으로 다루는 IT/AI 전문 아카데미나 전문 과정들이 잘 개설되어 있어요. 이런 곳에서 체계적인 커리큘럼의 도움을 받으면 생각보다 훨씬 수월하게 결과물을 만들어낼 수 있으니 참고해 보세요. 직접 방문하기 어렵다면 통학 시간을 아끼고 학업과 병행할 수 있는 비대면 온라인 원격 수업도 좋은 대안이 될 수 있습니다. 혼자 고민하면 시간만 가고 불안감만 커지니까, 본인의 하루 투자 가능 시간이나 성향에 맞춰 계획을 차근차근 세워보는 것을 추천합니다. 더 궁금한 점이 있거나 본인의 구체적인 상황에 맞는 학습 과정, 국비지원 혜택 등이 알고 싶다면 프로필의 카드를 통해 편하게 물어보세요."
2,493631000,AI시대에 개발자에게 중요해진 역량은...,https://kin.naver.com/qna/detail.naver?d1id=1&dirId=10405&docId=493631000,2026.05.31.,,AI시대에 개발자에게 중요해진 역량은... 프로그래머 UP 0 3 2026.05.31.,"코드 설계 능력이라던지 아키텍쳐? 뭐 그런 역량이 중요해질 거라던데... AI시대에 개발자에게 필요한 능력은 사실 AI시대의 한참 전부터 이미 중요했었는데, AI시대가 오면서 원래 중요했던 역량이 엄청 강조되고 부각된 것에 가깝지 않나요? 기존에는 안중요했던 역량이었다가 새롭게 중요한 역량으로 바뀌었다기 보다는 이미 한참 전부터 중요해왔지만 AI시대가 왔기때문에 개발자의 근본적이고 본질적인 역량강화가 확실하게 필요해진 시대가 왔는지요.","예전에는 코드를 잘 짜는 사람이 경쟁력이였다면 지금은 무슨 코드를 짜야 되는지 알고 있는 사람이 경쟁력이 있겠죠 ​ 구현의 능력 보다는 설계의 능력이 더 중요한 세상이 되었어요. 즉 구현은 AI를 통해서 답을 충분히 얻을 수 잇지만 전체적으로 프로그램이 돌아가는 형태와 다른 API와의 연계관계 그리고 DB설계의 방법 등의 설계방법론을 폭 넓게 아는 사람이 AI를 하던 아니면 구조를 잡고 부분 부분 AI로 코딩을 하던지 할 때 더 시너지 효과를 볼 수 있겠죠. ​ 단순히 내가 가진 아이디어가 어떻고 어떤 동작을 한다 이 정도의 지식으로 개발을 하신다면 경쟁력은 확실히 떨어질 수 있습니다. 왜냐면 그 정도 수준은 코딩 개념을 아는 초등학생도 다 할 수 있는 수준인거죠 그래서 결론은 설계의 방법을 폭 넓게 아는 사람이 승자가 될 수 밖에 없습니다.

---답변 구분---

새로운 능력이 갑자기 하늘에서 떨어진 것이 아니라, 원래부터 개발자의 본질이었던 역량들이 AI 시대를 맞이하여 더욱 강하게 부각되고 있는 상황입니다. ​ 과거에는 단순한 코딩 구현이나 문법 암기 같은 반복적인 작업에도 많은 시간이 들어갔지만, 이제는 AI가 그 영역을 알아서 척척 해결해 주기 때문입니다. ​ 따라서 개발자에게는 다음과 같은 본질적인 역량이 훨씬 더 중요해졌습니다. ​ 설계 및 아키텍처 능력: 전체적인 프로그램의 구조를 짜고 시스템 간의 연결 고리를 매끄럽게 만드는 역량 ​ 문제 정의 및 분석 능력: 비즈니스 요구사항을 정확하게 파악하고, AI를 활용해 어떤 문제를 해결할지 결정하는 역량 ​ 코드 검증 능력: AI가 뚝딱 만들어낸 결과물에서 오류를 잡아내고 보안 취약점을 걸러내는 역량 ​ 전체적인 패러다임의 변화를 보면 이해하기가 더 쉽습니다. ​ 기존 개발 프로세스: 단순 코딩 구현(70%) → 아키텍처 설계 및 검증(30%) AI 시대의 개발 프로세스: AI를 활용한 자동 구현(20%) → 시스템 설계, 보안 및 검증(80%) ​ 결국 막연하게 코딩 기술만 익히는 것이 아니라, 시스템의 구조를 넓은 시야로 바라보는 개발자의 근본적인 체급 키우기가 필수가 된 시대가 왔습니다. ​ 더 궁금한 점이 있거나, 본인의 구체적인 상황에 맞는 커리큘럼/국비지원 혜택 등이 궁금하다면 프로필의 카드를 통해 편하게 물어보세요.","코드 설계 능력이라던지 아키텍쳐? 뭐 그런 역량이 중요해질 거라던데... AI시대에 개발자에게 필요한 능력은 사실 AI시대의 한참 전부터 이미 중요했었는데, AI시대가 오면서 원래 중요했던 역량이 엄청 강조되고 부각된 것에 가깝지 않나요? 기존에는 안중요했던 역량이었다가 새롭게 중요한 역량으로 바뀌었다기 보다는 이미 한참 전부터 중요해왔지만 AI시대가 왔기때문에 개발자의 근본적이고 본질적인 역량강화가 확실하게 필요해진 시대가 왔는지요. 예전에는 코드를 잘 짜는 사람이 경쟁력이였다면 지금은 무슨 코드를 짜야 되는지 알고 있는 사람이 경쟁력이 있겠죠 ​ 구현의 능력 보다는 설계의 능력이 더 중요한 세상이 되었어요. 즉 구현은 AI를 통해서 답을 충분히 얻을 수 잇지만 전체적으로 프로그램이 돌아가는 형태와 다른 API와의 연계관계 그리고 DB설계의 방법 등의 설계방법론을 폭 넓게 아는 사람이 AI를 하던 아니면 구조를 잡고 부분 부분 AI로 코딩을 하던지 할 때 더 시너지 효과를 볼 수 있겠죠. ​ 단순히 내가 가진 아이디어가 어떻고 어떤 동작을 한다 이 정도의 지식으로 개발을 하신다면 경쟁력은 확실히 떨어질 수 있습니다. 왜냐면 그 정도 수준은 코딩 개념을 아는 초등학생도 다 할 수 있는 수준인거죠 그래서 결론은 설계의 방법을 폭 넓게 아는 사람이 승자가 될 수 밖에 없습니다. ---답변 구분--- 새로운 능력이 갑자기 하늘에서 떨어진 것이 아니라, 원래부터 개발자의 본질이었던 역량들이 AI 시대를 맞이하여 더욱 강하게 부각되고 있는 상황입니다. ​ 과거에는 단순한 코딩 구현이나 문법 암기 같은 반복적인 작업에도 많은 시간이 들어갔지만, 이제는 AI가 그 영역을 알아서 척척 해결해 주기 때문입니다. ​ 따라서 개발자에게는 다음과 같은 본질적인 역량이 훨씬 더 중요해졌습니다. ​ 설계 및 아키텍처 능력: 전체적인 프로그램의 구조를 짜고 시스템 간의 연결 고리를 매끄럽게 만드는 역량 ​ 문제 정의 및 분석 능력: 비즈니스 요구사항을 정확하게 파악하고, AI를 활용해 어떤 문제를 해결할지 결정하는 역량 ​ 코드 검증 능력: AI가 뚝딱 만들어낸 결과물에서 오류를 잡아내고 보안 취약점을 걸러내는 역량 ​ 전체적인 패러다임의 변화를 보면 이해하기가 더 쉽습니다. ​ 기존 개발 프로세스: 단순 코딩 구현(70%) → 아키텍처 설계 및 검증(30%) AI 시대의 개발 프로세스: AI를 활용한 자동 구현(20%) → 시스템 설계, 보안 및 검증(80%) ​ 결국 막연하게 코딩 기술만 익히는 것이 아니라, 시스템의 구조를 넓은 시야로 바라보는 개발자의 근본적인 체급 키우기가 필수가 된 시대가 왔습니다. ​ 더 궁금한 점이 있거나, 본인의 구체적인 상황에 맞는 커리큘럼/국비지원 혜택 등이 궁금하다면 프로필의 카드를 통해 편하게 물어보세요."
2,493615895,죽음에 대한 공포,https://kin.naver.com/qna/detail.naver?d1id=1&dirId=10405&docId=493615895,2026.05.29.,,죽음에 대한 공포 프로그래머 UP 3 4 2026.05.29.,수능을 앞둔 고3입니다. 요즘 공부하다가 내가 미래에 뭐를 할까 언젠간 나이가 들겠지? 언젠간 죽겠지?하면서 생각이 드는데 그 생각을 할때마다 심적으로 너무 힘들고 눈물이 납니다. 지금 누릴수있는거도 죽으면 못하고 이렇게 눈뜨고 있는거도 못하고 너무 암담합니다. 여러분들도 다 이런 생각을 하시나요? 하신다면 어떻게 극복하셨나요?,"인생은 짧습니다. 17년인생이 2번이 반복될지 4번이 반복될지는 아무도 모르는 일이지요. ​ ​ 울산서 3m 높이 암벽타기 하던 고등학생 사망 울산의 한 고등학교 수련회에서 암벽타기를 하던 고등학생이 숨지는 사고가 발생했다. www.nocutnews.co.kr ​ '우리의 연수가 칠십이요, 강건하면 팔십이어도 그 연수의 힘은 수고와 슬픔이니, 그것이 끊어지만 우리가 멀리 날아가나이다.'(시편 90편 10절) ​ 질문자님은 이미 해 아래서 일어날 수 있는 일들을 헤아려보고, 종국에 무엇이 기다리고 있는지 정확히 알고 있기 때문에, 그런 생각이 든 것입니다. ​ 이런 저런 생각으로 돌이켜 봐도, 어떻게 살던지 결국 질문자님은 죽게 됩니다. 그리고 몸은 구더기가 먹어버리겠지요. ​ 인생은 고통으로 가득찼고, 죽으면 벌레가 먹어버려 멸망하는 것처럼 보입니다. ​ 이런 현실을 자각하셨다면 각성하셔야 할 때 입니다. ​ 인생은 짧고, 죽음은 확실하며, 그 뒤에는 하나님의 심판이 있습니다. ​ '전체 일의 결론을 들을지니, 하나님을 두려워하고, 그의 계명들을 지키라. 이것이 사람의 모든 의무니, 이는 하나님께서 선이든 악이든 모든 행위와 모든 은밀한 것들을 심판하실 것임이라.'(전도서 12장 13~14절) ​ 질문자님을 생명으로 이끄는 전도자 솔로몬 왕의 말입니다. 진지하게 숙고해보세요. ​ '사람이 온 세상을 얻고도 자신의 혼을 잃는다면 그것이 무슨 유익이겠느냐?'(마가복음 8장 36절) ​ ​ ​

---답변 구분---

안녕하세요. 우선 힘을 내시라고 말씀을 드리고요. ​ 개인적으로 19살에 스트레스가 굉장히 크기 때문에 많은 고민거리가 생기게 됩니다. 다만 이 모든 것들은 지금의 상황에 대한 스트레스 때문에 생긴다는 것입니다. 예를 들어 님이 지금 10살이고 초3이라면 이런 고민을 하지 않으셨을 겁니다. ​ 또는 지금 대학은 이미 합격했고 하루 종일 노는 생각만 해야 하는 상황이라면 이런 고민도 안 생깁니다. 사람은 스트레스를 극하게 받으면 그것을 해소하기 위해 여러 가지 방향으로 나가게 되는데 그중에 하나가 다른 생각을 하고 그 생각에 몰두하는 것입니다. ​ 저도 19살에 엄청나게 많은 스트레스와 님 같은 고민을 했었지만.. 대학 합격하니 모든 게 사라지더군요.... 대학에 합격해서 시간이 남아돌아서 대학 가서 놀 생각하니까 다른 힘든 생각이 하나도 나질 않았어요... ​ 결론적으로 지금 대학을 가기 위해서 노력하시는 부분들이 너무 힘들 거 현실을 회피하고 싶으니 다른 생각이 드실 확률이 크다 생각됩니다... 20살에 가서 대학에서 노시면.... 또 모든 게 잊어지고 또 대학 생활 하다 보면 취업 걱정에 스트레스받고.. 그런 게 반복입니다. ​ 물론 제 말이 도움이 안 되거나 정답도 아닐 수도 있겠지만... 결론적으로 이 모든 게 스트레스에서 나오는 것들이고 이런 것들을 계속 가져가기보다는 가벼운 운동을 한다든지 다른 방안을 찾으셔서 해소를 꼭 해나가시길 바랍니다.

---답변 구분---

과거를 계속 생각하며 살면 인생이 후회로 덮이고 미래만을 계속 생각하며 살면 인생이 불안으로 덮이니 현재 지금 이 순간을 살면 후회할 일도 불안해할 일도 없다고 하였습니다. 누구나 죽음에 대한 공포가 있습니다 나이를 먹어도 마찬가지입니다. 그런데 우리가 할 수 있는 것은 사실 많지 않습니다. 고민하고 불안해해도 크게 달라지는 것은 없습니다. 아무도 죽음 이후의 세계는 알 수 없고 알 방법도 없기 때문입니다. 그저 지금 이 순간을 감사하며 살아가는 것이 최선이라고 생각합니다. 최근 어려운 일을 많이 겪다 보니 저도 새삼 느끼게 된 것 중 하나가 인간이라는 존재에 대한 것이었습니다. 137억 년에 이르는 우주의 역사 속에서 의미 없이 흩어져 있던 분자들이 오랜 시간의 흐름을 거쳐 하나의 생명체를 이루게 되고 그것이 진화를 거쳐 인간이 되었다는 사실이 놀랍습니다. 그리고 그 존재가 우주를 느끼고 생각하고 경외심을 품으며 살아간다는 것이 저는 참 경이롭고 동시에 삶이 감사하게 느껴지더라고요. 한낱 의미없는 존재로 살아갈수도 있지만 또 한번일지 두번일지 그 이상일지 모르겠지만 어쨌든 내가 몸담고 있는 우주를 생생하게 느낄 기회가 137억년 중에 딱 100년 나에게 주어졌구나 태어난 곳도 대한민국정도면 굉장히 잘 태어났고 난 참 복받았구나 그렇게 생각하니 매순간이 너무 감사하더라구요. 질문자님도 하나뿐인 인생을 걱정과 후회로 가득 채우기보다 기왕이면 긍정적인 마음으로 채우며 사는 것이 더 좋지 않을까요. 어떤 자세로 사는 것이 더 현명한지 스스로 깨닫고 남은 인생은 즐겁게 살아가시길 바랍니다 ​ 끝으로 죽음이 두렵다고 하셨으니 원래 우리가 어디서 왔는지를 생각해보십시오 물이 얼고 다시 녹으면 그 존재가 사라지나요? 형체만 변한 것이고 상태만 변한것이지요 우리도 그렇게 왔던 곳으로 다시 되돌아가는 것 뿐입니다 운이 좋으면 다시 생을 살게 될수도 있겠죠 아무튼 너무 걱정하지 마시고 편안하게 오늘밤 주무시길 바랍니다~

---답변 구분---

죽음을 해결하는 방법이 있습니다 블로그 글을 읽어주세요 https://m.blog.naver.com/ooya222/223850975911 ​ ​ ​","수능을 앞둔 고3입니다. 요즘 공부하다가 내가 미래에 뭐를 할까 언젠간 나이가 들겠지? 언젠간 죽겠지?하면서 생각이 드는데 그 생각을 할때마다 심적으로 너무 힘들고 눈물이 납니다. 지금 누릴수있는거도 죽으면 못하고 이렇게 눈뜨고 있는거도 못하고 너무 암담합니다. 여러분들도 다 이런 생각을 하시나요? 하신다면 어떻게 극복하셨나요? 인생은 짧습니다. 17년인생이 2번이 반복될지 4번이 반복될지는 아무도 모르는 일이지요. ​ ​ 울산서 3m 높이 암벽타기 하던 고등학생 사망 울산의 한 고등학교 수련회에서 암벽타기를 하던 고등학생이 숨지는 사고가 발생했다. www.nocutnews.co.kr ​ '우리의 연수가 칠십이요, 강건하면 팔십이어도 그 연수의 힘은 수고와 슬픔이니, 그것이 끊어지만 우리가 멀리 날아가나이다.'(시편 90편 10절) ​ 질문자님은 이미 해 아래서 일어날 수 있는 일들을 헤아려보고, 종국에 무엇이 기다리고 있는지 정확히 알고 있기 때문에, 그런 생각이 든 것입니다. ​ 이런 저런 생각으로 돌이켜 봐도, 어떻게 살던지 결국 질문자님은 죽게 됩니다. 그리고 몸은 구더기가 먹어버리겠지요. ​ 인생은 고통으로 가득찼고, 죽으면 벌레가 먹어버려 멸망하는 것처럼 보입니다. ​ 이런 현실을 자각하셨다면 각성하셔야 할 때 입니다. ​ 인생은 짧고, 죽음은 확실하며, 그 뒤에는 하나님의 심판이 있습니다. ​ '전체 일의 결론을 들을지니, 하나님을 두려워하고, 그의 계명들을 지키라. 이것이 사람의 모든 의무니, 이는 하나님께서 선이든 악이든 모든 행위와 모든 은밀한 것들을 심판하실 것임이라.'(전도서 12장 13~14절) ​ 질문자님을 생명으로 이끄는 전도자 솔로몬 왕의 말입니다. 진지하게 숙고해보세요. ​ '사람이 온 세상을 얻고도 자신의 혼을 잃는다면 그것이 무슨 유익이겠느냐?'(마가복음 8장 36절) ​ ​ ​ ---답변 구분--- 안녕하세요. 우선 힘을 내시라고 말씀을 드리고요. ​ 개인적으로 19살에 스트레스가 굉장히 크기 때문에 많은 고민거리가 생기게 됩니다. 다만 이 모든 것들은 지금의 상황에 대한 스트레스 때문에 생긴다는 것입니다. 예를 들어 님이 지금 10살이고 초3이라면 이런 고민을 하지 않으셨을 겁니다. ​ 또는 지금 대학은 이미 합격했고 하루 종일 노는 생각만 해야 하는 상황이라면 이런 고민도 안 생깁니다. 사람은 스트레스를 극하게 받으면 그것을 해소하기 위해 여러 가지 방향으로 나가게 되는데 그중에 하나가 다른 생각을 하고 그 생각에 몰두하는 것입니다. ​ 저도 19살에 엄청나게 많은 스트레스와 님 같은 고민을 했었지만.. 대학 합격하니 모든 게 사라지더군요.... 대학에 합격해서 시간이 남아돌아서 대학 가서 놀 생각하니까 다른 힘든 생각이 하나도 나질 않았어요... ​ 결론적으로 지금 대학을 가기 위해서 노력하시는 부분들이 너무 힘들 거 현실을 회피하고 싶으니 다른 생각이 드실 확률이 크다 생각됩니다... 20살에 가서 대학에서 노시면.... 또 모든 게 잊어지고 또 대학 생활 하다 보면 취업 걱정에 스트레스받고.. 그런 게 반복입니다. ​ 물론 제 말이 도움이 안 되거나 정답도 아닐 수도 있겠지만... 결론적으로 이 모든 게 스트레스에서 나오는 것들이고 이런 것들을 계속 가져가기보다는 가벼운 운동을 한다든지 다른 방안을 찾으셔서 해소를 꼭 해나가시길 바랍니다. ---답변 구분--- 과거를 계속 생각하며 살면 인생이 후회로 덮이고 미래만을 계속 생각하며 살면 인생이 불안으로 덮이니 현재 지금 이 순간을 살면 후회할 일도 불안해할 일도 없다고 하였습니다. 누구나 죽음에 대한 공포가 있습니다 나이를 먹어도 마찬가지입니다. 그런데 우리가 할 수 있는 것은 사실 많지 않습니다. 고민하고 불안해해도 크게 달라지는 것은 없습니다. 아무도 죽음 이후의 세계는 알 수 없고 알 방법도 없기 때문입니다. 그저 지금 이 순간을 감사하며 살아가는 것이 최선이라고 생각합니다. 최근 어려운 일을 많이 겪다 보니 저도 새삼 느끼게 된 것 중 하나가 인간이라는 존재에 대한 것이었습니다. 137억 년에 이르는 우주의 역사 속에서 의미 없이 흩어져 있던 분자들이 오랜 시간의 흐름을 거쳐 하나의 생명체를 이루게 되고 그것이 진화를 거쳐 인간이 되었다는 사실이 놀랍습니다. 그리고 그 존재가 우주를 느끼고 생각하고 경외심을 품으며 살아간다는 것이 저는 참 경이롭고 동시에 삶이 감사하게 느껴지더라고요. 한낱 의미없는 존재로 살아갈수도 있지만 또 한번일지 두번일지 그 이상일지 모르겠지만 어쨌든 내가 몸담고 있는 우주를 생생하게 느낄 기회가 137억년 중에 딱 100년 나에게 주어졌구나 태어난 곳도 대한민국정도면 굉장히 잘 태어났고 난 참 복받았구나 그렇게 생각하니 매순간이 너무 감사하더라구요. 질문자님도 하나뿐인 인생을 걱정과 후회로 가득 채우기보다 기왕이면 긍정적인 마음으로 채우며 사는 것이 더 좋지 않을까요. 어떤 자세로 사는 것이 더 현명한지 스스로 깨닫고 남은 인생은 즐겁게 살아가시길 바랍니다 ​ 끝으로 죽음이 두렵다고 하셨으니 원래 우리가 어디서 왔는지를 생각해보십시오 물이 얼고 다시 녹으면 그 존재가 사라지나요? 형체만 변한 것이고 상태만 변한것이지요 우리도 그렇게 왔던 곳으로 다시 되돌아가는 것 뿐입니다 운이 좋으면 다시 생을 살게 될수도 있겠죠 아무튼 너무 걱정하지 마시고 편안하게 오늘밤 주무시길 바랍니다~ ---답변 구분--- 죽음을 해결하는 방법이 있습니다 블로그 글을 읽어주세요 https://m.blog.naver.com/ooya222/223850975911 ​ ​ ​"
2,493576504,"앤더블 데뷔, 팬으로서 어떤 점이 가장 기대되나요?",https://kin.naver.com/qna/detail.naver?d1id=1&dirId=10405&docId=493576504,2026.05.27.,,"앤더블 데뷔, 팬으로서 어떤 점이 가장 기대되나요? 프로그래머 UP 0 0 2026.05.27.","앤더블이 드디어 데뷔한다고 하니 팬으로서 정말 설레는데요. 그동안 보여준 콘텐츠들만 봐도 완성형 신인이라는 말이 딱 맞는 것 같아요. 그런데 실제로 무대에서 어떤 모습을 보여줄지 너무 기대돼서 잠이 안 올 지경이에요. 여러분은 앤더블의 데뷔 무대에서 어떤 점이 가장 기대되시나요? 퍼포먼스, 비주얼, 보컬 중 어떤 부분이 가장 매력적일지 궁금합니다. 또, 멤버들의 개성이 어떻게 시너지를 낼지도 정말 기대돼요!",,"앤더블이 드디어 데뷔한다고 하니 팬으로서 정말 설레는데요. 그동안 보여준 콘텐츠들만 봐도 완성형 신인이라는 말이 딱 맞는 것 같아요. 그런데 실제로 무대에서 어떤 모습을 보여줄지 너무 기대돼서 잠이 안 올 지경이에요. 여러분은 앤더블의 데뷔 무대에서 어떤 점이 가장 기대되시나요? 퍼포먼스, 비주얼, 보컬 중 어떤 부분이 가장 매력적일지 궁금합니다. 또, 멤버들의 개성이 어떻게 시너지를 낼지도 정말 기대돼요!"
2,493528047,클로드 코드 잘 사용하고 싶은데요,https://kin.naver.com/qna/detail.naver?d1id=1&dirId=10405&docId=493528047,2026.05.23.,,클로드 코드 잘 사용하고 싶은데요 프로그래머 UP 3 3 2026.05.23.,"클로드코드를 사용하고 잇는 델파이, 어플 프로그래머인데 지금까지 그냥 질문하고 클로드가 적어주면 필요하다고 생각하면 복사해서 사용합니다 클로드코드를 더 잘 사용하고 싶은데 방법을 몰라서 질문드립니다.","클로드 코드를 더 잘 활용하는 방법을 단계별로 알려드리겠습니다. ​ 1. 명확한 요구사항 전달 질문할 때 필요한 기능이나 문제를 구체적이고 명확하게 설명해 주시면 더 적합한 코드와 해결책을 받을 수 있습니다. 예를 들어, 델파이 특정 기능 구현, 성능 개선, 오류 처리 등 원하는 부분을 구체적으로 기술하세요. ​ 2. 코드 예시와 상황 제공 코드 일부나 현재 상황을 포함해서 질문하시면, 더 정확하고 최적화된 코드를 받을 수 있습니다. 기존 코드를 첨부하면 코드를 분석해 개선 방향도 함께 제시받기 쉽습니다. ​ 3. 코드 이해와 수정 받은 코드를 복사하기 전에 각 부분을 꼭 이해하려고 노력하세요. 이해가 되면 필요한 부분만 골라 쓰는 것은 물론, 상황에 맞춰 직접 수정하면서 사용하는 능력이 늘어납니다. ​ 4. 코드 응용 연습 클로드가 제공한 코드를 여러 상황에 적용해 보면서 응용력을 키우십시오. 응용하며 문제를 스스로 해결하면, 점차 클로드 코드 활용 역량이 향상됩니다. ​ 5. 다양한 질문 시도 같은 문제라도 접근 방식이나 조건을 조금씩 바꿔가며 질문해 보십시오. 다양한 답변을 받아 비교하고 최적의 코드를 선택하는 데 도움이 됩니다. ​ 6. 복잡한 작업 분해 복잡한 요구사항은 작고 간단한 문제들로 나눈 뒤 단계별 질문을 하시면 명확하고 실용적인 코드를 받을 수 있습니다. ​ 이 방식을 꾸준히 실천하시면 클로드 코드를 보다 효율적이고 능숙하게 사용할 수 있으실 겁니다. 도움이 되셨길 바라겠습니다.

---답변 구분---

안녕하세요. ​ 델파이 프로그래머라니 반갑습니다. ​ 바이브코딩이아니신 참고용정도로 이용하고 계시네요. 결론적으로 클로드코드를 이용하실거면 바이브코딩을 하시려는 부분이고 클로드 코드로 넘어가게되면 지금처럼 클로드에서 필요한 질문을하고 답변을 얻고 판단해서 적는것이 아니라 코딩을 진짜 그냥 클로드에게 권한을 다넘기는 형태라고 생각하시면됩니다. ​ 델파이로 바이브코딩을 해본적이 없어 어느정도 까지 우수하게 나오는지 모르겠지만 클로드 코드던 Codex던 어느정도 바이브코딩 할 수있는 수준까지 올라왔기 때문에 ​ 지금은 그냥 클로드를 사용하시는 것이고 일단은 클로드 코드로 넘아갈 수 있는지부터 고민 해보시는게 좋으실것 같습니다. 무슨말이냐면 클로드 코드를 쓰지도않는데 더 잘쓰는 법을 말씀하실게 아니라 ​ 우선 바이브코딩으로 넘어갈 수 있느냐 없느냐를 보셔야합니다. ​ 클로드코드를 설치하고 전체적으로 테스트 프로젝트를 진행해보실 것을 권해드립니다. (요즘 수준이 매우 많이 올라와서 솔직히 쓸만합니다)

---답변 구분---

안녕하세요? 지식파트너 가비아입니다. 현재 사용 방식도 나쁘지 않지만, 클로드 코드를 더 효율적으로 활용하려면 단순히 ""코드를 작성해줘"" 수준을 넘어 프로젝트의 맥락을 충분히 제공하는 것이 중요합니다. ​ 예를 들어 사용 언어 : Delphi 개발 환경 버전 현재 구현된 코드 원하는 기능 발생 중인 오류 성능 요구사항 등을 함께 제공하면 답변 품질이 크게 향상됩니다. 또한 코드를 바로 작성시키기보다는 ​ ""이 기능을 구현하기 위한 설계를 먼저 설명해줘"" ""예상되는 문제점을 분석해줘"" ""유지보수하기 좋은 구조로 설계해줘"" 와 같이 설계 → 구현 → 검토 순서로 요청하면 결과물이 훨씬 좋아집니다. ​ 실무에서는 다음과 같은 활용이 특히 효과적입니다. 기존 코드 리팩토링 버그 원인 분석 SQL 최적화 클래스 설계 검토 코드 리뷰 테스트 케이스 작성 주석 및 문서 자동 생성 ​ 개인적으로는 ""복사해서 붙여넣는 도구""로 사용하기보다 ""시니어 개발자에게 코드 리뷰를 받는다""는 느낌으로 활용하는 것이 클로드 코드의 장점을 가장 잘 활용하는 방법이라고 생각합니다. 도움이 되었나요? 가비아였습니다. www.gabia.com 웹을 넘어 클라우드로. 가비아 그룹웨어부터 멀티클라우드까지 하나의 클라우드 허브 www.gabia.com ​","클로드코드를 사용하고 잇는 델파이, 어플 프로그래머인데 지금까지 그냥 질문하고 클로드가 적어주면 필요하다고 생각하면 복사해서 사용합니다 클로드코드를 더 잘 사용하고 싶은데 방법을 몰라서 질문드립니다. 클로드 코드를 더 잘 활용하는 방법을 단계별로 알려드리겠습니다. ​ 1. 명확한 요구사항 전달 질문할 때 필요한 기능이나 문제를 구체적이고 명확하게 설명해 주시면 더 적합한 코드와 해결책을 받을 수 있습니다. 예를 들어, 델파이 특정 기능 구현, 성능 개선, 오류 처리 등 원하는 부분을 구체적으로 기술하세요. ​ 2. 코드 예시와 상황 제공 코드 일부나 현재 상황을 포함해서 질문하시면, 더 정확하고 최적화된 코드를 받을 수 있습니다. 기존 코드를 첨부하면 코드를 분석해 개선 방향도 함께 제시받기 쉽습니다. ​ 3. 코드 이해와 수정 받은 코드를 복사하기 전에 각 부분을 꼭 이해하려고 노력하세요. 이해가 되면 필요한 부분만 골라 쓰는 것은 물론, 상황에 맞춰 직접 수정하면서 사용하는 능력이 늘어납니다. ​ 4. 코드 응용 연습 클로드가 제공한 코드를 여러 상황에 적용해 보면서 응용력을 키우십시오. 응용하며 문제를 스스로 해결하면, 점차 클로드 코드 활용 역량이 향상됩니다. ​ 5. 다양한 질문 시도 같은 문제라도 접근 방식이나 조건을 조금씩 바꿔가며 질문해 보십시오. 다양한 답변을 받아 비교하고 최적의 코드를 선택하는 데 도움이 됩니다. ​ 6. 복잡한 작업 분해 복잡한 요구사항은 작고 간단한 문제들로 나눈 뒤 단계별 질문을 하시면 명확하고 실용적인 코드를 받을 수 있습니다. ​ 이 방식을 꾸준히 실천하시면 클로드 코드를 보다 효율적이고 능숙하게 사용할 수 있으실 겁니다. 도움이 되셨길 바라겠습니다. ---답변 구분--- 안녕하세요. ​ 델파이 프로그래머라니 반갑습니다. ​ 바이브코딩이아니신 참고용정도로 이용하고 계시네요. 결론적으로 클로드코드를 이용하실거면 바이브코딩을 하시려는 부분이고 클로드 코드로 넘어가게되면 지금처럼 클로드에서 필요한 질문을하고 답변을 얻고 판단해서 적는것이 아니라 코딩을 진짜 그냥 클로드에게 권한을 다넘기는 형태라고 생각하시면됩니다. ​ 델파이로 바이브코딩을 해본적이 없어 어느정도 까지 우수하게 나오는지 모르겠지만 클로드 코드던 Codex던 어느정도 바이브코딩 할 수있는 수준까지 올라왔기 때문에 ​ 지금은 그냥 클로드를 사용하시는 것이고 일단은 클로드 코드로 넘아갈 수 있는지부터 고민 해보시는게 좋으실것 같습니다. 무슨말이냐면 클로드 코드를 쓰지도않는데 더 잘쓰는 법을 말씀하실게 아니라 ​ 우선 바이브코딩으로 넘어갈 수 있느냐 없느냐를 보셔야합니다. ​ 클로드코드를 설치하고 전체적으로 테스트 프로젝트를 진행해보실 것을 권해드립니다. (요즘 수준이 매우 많이 올라와서 솔직히 쓸만합니다) ---답변 구분--- 안녕하세요? 지식파트너 가비아입니다. 현재 사용 방식도 나쁘지 않지만, 클로드 코드를 더 효율적으로 활용하려면 단순히 ""코드를 작성해줘"" 수준을 넘어 프로젝트의 맥락을 충분히 제공하는 것이 중요합니다. ​ 예를 들어 사용 언어 : Delphi 개발 환경 버전 현재 구현된 코드 원하는 기능 발생 중인 오류 성능 요구사항 등을 함께 제공하면 답변 품질이 크게 향상됩니다. 또한 코드를 바로 작성시키기보다는 ​ ""이 기능을 구현하기 위한 설계를 먼저 설명해줘"" ""예상되는 문제점을 분석해줘"" ""유지보수하기 좋은 구조로 설계해줘"" 와 같이 설계 → 구현 → 검토 순서로 요청하면 결과물이 훨씬 좋아집니다. ​ 실무에서는 다음과 같은 활용이 특히 효과적입니다. 기존 코드 리팩토링 버그 원인 분석 SQL 최적화 클래스 설계 검토 코드 리뷰 테스트 케이스 작성 주석 및 문서 자동 생성 ​ 개인적으로는 ""복사해서 붙여넣는 도구""로 사용하기보다 ""시니어 개발자에게 코드 리뷰를 받는다""는 느낌으로 활용하는 것이 클로드 코드의 장점을 가장 잘 활용하는 방법이라고 생각합니다. 도움이 되었나요? 가비아였습니다. www.gabia.com 웹을 넘어 클라우드로. 가비아 그룹웨어부터 멀티클라우드까지 하나의 클라우드 허브 www.gabia.com ​"
2,493492816,플레이봇 프로그램 관련 질문입니다,https://kin.naver.com/qna/detail.naver?d1id=1&dirId=10405&docId=493492816,2026.05.21.,,플레이봇 프로그램 관련 질문입니다 프로그래머 UP 0 1 2026.05.21.,플레이봇에서 딸기의 개수가 동적으로 변하게 하는 방법을 알려 주세요,"플레이봇 프로그램 관련 질문입니다 관련 문의 주셨군요. ​ 플레이봇에서 딸기의 개수를 동적으로 변경하려면 일반적으로 변수와 조건문을 활용해야 합니다. 다음은 딸기 개수를 동적으로 조절하는 기본적인 방법입니다. ​ 1. 변수 선언: 딸기 개수를 저장할 변수를 만드세요. 예를 들어, ""딸기수""라는 변수를 생성합니다. 2. 사용자 입력 또는 조건에 따른 값 변경: 딸기 수를 수동 또는 조건에 따라 변경할 수 있습니다. 예를 들어, 사용자 입력을 받거나 특정 조건이 충족될 때 변수 값을 업데이트합니다. 3. 동적 배치: 딸기 개수에 따라 배치하는 부분에서 변수 값을 호출하세요. 반복문이나 조건문을 통해 딸기 개수만큼 딸기를 배치하면 됩니다. ​ 구체적인 예시: • 딸기 개수를 저장하는 변수 ""딸기수""를 선언합니다. • 사용자가 버튼을 누르면 변수 ""딸기수""가 증가하거나 감소하도록 설정합니다. • 딸기를 배치하는 반복문에서 ""딸기수""만큼 딸기를 생성하거나 보여줍니다. ​ 이 방법을 활용하면 딸기 개수는 언제든지 사용자 인터랙션이나 프로그램 논리에 따라 조절 가능합니다. 만약 구체적인 플레이봇 스크립트 예시가 필요하다면, 사용하는 버전과 세부 기능에 따라 더 구체적인 코드 예시를 제공할 수 있습니다. ​ 도움이 되셨나요? 채택 부탁드립니다! 추가 질문은 채택해주시면 답변드리겠습니다.","플레이봇에서 딸기의 개수가 동적으로 변하게 하는 방법을 알려 주세요 플레이봇 프로그램 관련 질문입니다 관련 문의 주셨군요. ​ 플레이봇에서 딸기의 개수를 동적으로 변경하려면 일반적으로 변수와 조건문을 활용해야 합니다. 다음은 딸기 개수를 동적으로 조절하는 기본적인 방법입니다. ​ 1. 변수 선언: 딸기 개수를 저장할 변수를 만드세요. 예를 들어, ""딸기수""라는 변수를 생성합니다. 2. 사용자 입력 또는 조건에 따른 값 변경: 딸기 수를 수동 또는 조건에 따라 변경할 수 있습니다. 예를 들어, 사용자 입력을 받거나 특정 조건이 충족될 때 변수 값을 업데이트합니다. 3. 동적 배치: 딸기 개수에 따라 배치하는 부분에서 변수 값을 호출하세요. 반복문이나 조건문을 통해 딸기 개수만큼 딸기를 배치하면 됩니다. ​ 구체적인 예시: • 딸기 개수를 저장하는 변수 ""딸기수""를 선언합니다. • 사용자가 버튼을 누르면 변수 ""딸기수""가 증가하거나 감소하도록 설정합니다. • 딸기를 배치하는 반복문에서 ""딸기수""만큼 딸기를 생성하거나 보여줍니다. ​ 이 방법을 활용하면 딸기 개수는 언제든지 사용자 인터랙션이나 프로그램 논리에 따라 조절 가능합니다. 만약 구체적인 플레이봇 스크립트 예시가 필요하다면, 사용하는 버전과 세부 기능에 따라 더 구체적인 코드 예시를 제공할 수 있습니다. ​ 도움이 되셨나요? 채택 부탁드립니다! 추가 질문은 채택해주시면 답변드리겠습니다."
2,493477187,디렉토리 드라이브 차이,https://kin.naver.com/qna/detail.naver?d1id=1&dirId=10405&docId=493477187,2026.05.20.,,디렉토리 드라이브 차이 프로그래머 UP 4 2 2026.05.20.,제목 그대로 입니다. 공부하다가 두 가지의 차이를 더 명료하게 알고싶어서 그런데 알기쉽게 설명좀 부탁드립니다 ㅜ 디렉토리는 이름공간..?이라던데 잘 모르겠네요 ㅠㅠ,"간단히는 디렉터리 = 폴더 드라이브 = 저장장치 라고 생각하시면 됩니다

---답변 구분---

우리가 보통 말하는 C드라이브, D드라이브 이런 식으로 전체의 공간을 말하고, 디렉토리는 폴더 개념이라 보시면 됩니다. 집이나 건물이 드라이브 개념이라면, 디렉토리는 나눠진 방 같은 것이죠. ​ ​","제목 그대로 입니다. 공부하다가 두 가지의 차이를 더 명료하게 알고싶어서 그런데 알기쉽게 설명좀 부탁드립니다 ㅜ 디렉토리는 이름공간..?이라던데 잘 모르겠네요 ㅠㅠ 간단히는 디렉터리 = 폴더 드라이브 = 저장장치 라고 생각하시면 됩니다 ---답변 구분--- 우리가 보통 말하는 C드라이브, D드라이브 이런 식으로 전체의 공간을 말하고, 디렉토리는 폴더 개념이라 보시면 됩니다. 집이나 건물이 드라이브 개념이라면, 디렉토리는 나눠진 방 같은 것이죠. ​ ​"
2,493404364,긍정적으로 살아야 되는 이유,https://kin.naver.com/qna/detail.naver?d1id=1&dirId=10405&docId=493404364,2026.05.14.,,긍정적으로 살아야 되는 이유 프로그래머 UP 3 3 2026.05.14.,긍정적으로 생각해야 되는 이유,"영역 설명 효과 신체 건강 긍정적 사고는 스트레스 호르몬(코르티솔)을 줄여 면역력 강화 질병 예방, 회복력 향상 정신 안정 낙관적 태도는 불안·우울을 완화 심리적 회복탄력성 증가 사회적 관계 긍정적인 사람은 타인에게 신뢰와 호감을 줌 인간관계 개선, 협력적 분위기 문제 해결력 어려움 속에서도 기회를 찾는 시각 제공 창의적 사고, 위기 극복 능력 삶의 만족도 작은 성취에도 감사와 행복을 느끼게 함 장기적 행복감 유지 긍정적으로 살아야 하는 이유는 “좋은 기분” 때문이 아니라, 몸과 마음을 건강하게 하고, 관계를 풍요롭게 하며, 삶의 위기를 극복할 힘을 주기 때문입니다.

---답변 구분---

마음이 편해지고 선택도 더 나아지기 때문이에요. 스트레스가 줄어들고 버티는 힘도 커져요. 결과적으로 삶이 조금은 수월해져요.

---답변 구분---

모든걸 편하게 긍정적으로 보면. 내마음도 편하고 긍정의. 마인드가 부정적 보다는. 좋기도하죠 하지만 모든걸 그렇게 볼때까지는. 상당한 자신과의. 노력이 필요할 겁니다. 그래도 긍정적으로 사는게 좋아요","긍정적으로 생각해야 되는 이유 영역 설명 효과 신체 건강 긍정적 사고는 스트레스 호르몬(코르티솔)을 줄여 면역력 강화 질병 예방, 회복력 향상 정신 안정 낙관적 태도는 불안·우울을 완화 심리적 회복탄력성 증가 사회적 관계 긍정적인 사람은 타인에게 신뢰와 호감을 줌 인간관계 개선, 협력적 분위기 문제 해결력 어려움 속에서도 기회를 찾는 시각 제공 창의적 사고, 위기 극복 능력 삶의 만족도 작은 성취에도 감사와 행복을 느끼게 함 장기적 행복감 유지 긍정적으로 살아야 하는 이유는 “좋은 기분” 때문이 아니라, 몸과 마음을 건강하게 하고, 관계를 풍요롭게 하며, 삶의 위기를 극복할 힘을 주기 때문입니다. ---답변 구분--- 마음이 편해지고 선택도 더 나아지기 때문이에요. 스트레스가 줄어들고 버티는 힘도 커져요. 결과적으로 삶이 조금은 수월해져요. ---답변 구분--- 모든걸 편하게 긍정적으로 보면. 내마음도 편하고 긍정의. 마인드가 부정적 보다는. 좋기도하죠 하지만 모든걸 그렇게 볼때까지는. 상당한 자신과의. 노력이 필요할 겁니다. 그래도 긍정적으로 사는게 좋아요"
2,493370458,가천대 컴공은 정시/수시 어느정도면 갈수있나요?,https://kin.naver.com/qna/detail.naver?d1id=1&dirId=10405&docId=493370458,2026.05.12.,,가천대 컴공은 정시/수시 어느정도면 갈수있나요? 프로그래머 UP 0 1 2026.05.12.,궁금합니다.,,궁금합니다.
2,493328970,영남대나 계명대 컴공가려는데 좋은 선택일까요?,https://kin.naver.com/qna/detail.naver?d1id=1&dirId=10405&docId=493328970,2026.05.09.,,영남대나 계명대 컴공가려는데 좋은 선택일까요? 프로그래머 UP 1 2 2026.05.09.,"그리고, 영남대,계명대(컴공학과)중 어디가 가기 더 힘들까요?","맞아요, 고민되실 수 있죠! 제 생각에는 두 학교 모두 컴공으로 괜찮은 선택이에요. 입결 기준으로 보면 영남대가 계명대보다 조금 더 높아서 들어가기는 약간 더 어려운 편이에요. 혹시 목표하시는 진로나 지역도 같이 고려해보셨을까요?","그리고, 영남대,계명대(컴공학과)중 어디가 가기 더 힘들까요? 맞아요, 고민되실 수 있죠! 제 생각에는 두 학교 모두 컴공으로 괜찮은 선택이에요. 입결 기준으로 보면 영남대가 계명대보다 조금 더 높아서 들어가기는 약간 더 어려운 편이에요. 혹시 목표하시는 진로나 지역도 같이 고려해보셨을까요?"
2,493328814,진짜로 기업들은 대학을 잘안보고 코딩실력을 더많이 보나요?,https://kin.naver.com/qna/detail.naver?d1id=1&dirId=10405&docId=493328814,2026.05.09.,,진짜로 기업들은 대학을 잘안보고 코딩실력을 더많이 보나요? 프로그래머 UP 9 5 2026.05.09.,사람들이 대학도 중요하지만 기업들이 코딩 실력을 많이 본다 라고 하던데 진짜인가요?,"​ ​ 학력을 보긴하지만 ​ 실무 능력을 더 많이 봅니다 ​ ​

---답변 구분---

요즘 코딩은 AI가 주로 담당해서 어떤 기능을 만들지 설계하고, 오류를 수정하는 그런 능력이 더 중요시되는 편입니다. ​ 도움 되셨다면 채택 부탁드립니다.

---답변 구분---

대학은 사람의 성실 + 분별력의 척도가 됨 ​ 코딩 실력만 보냐고 말하면 실무능력이 더 중요한건 맞는데 ​ 뭐라해야 할까... 보통은 대학 좋은 애들이 이해/능률도 좋다더라가 현실이라는거임.... ​ ​ 즉 가령 나는 뭐 부모가 업계종사자라서 그런거 많이 보고 배웠다. ​ 바로 써 먹을 수 있다. ​ 그런게 아닌이상은.... 그냥 그림의 떡이다 라 생각하는게 편함 ​ ​

---답변 구분---

틀린 말은 아닙니다만.. 지방대 학생보다야 서울대 학생이 코딩을 더 잘 하겠죠?

---답변 구분---

그렇지 않습니다. 대학도 많이 봅니다. 서울대, 카이스트, 포스텍, 고려대, 연세대 출신이라면, 코딩 더 잘하갰지요? 문제는 코딩 실력이 같을 때 진짜로 기업은 무엇을 볼까요? 신입이라면, 얼마나 실력 차이가 날까요? 어차피 신입은 실력이 그다지 차이가 없습니다.이때는 코딩 실력이 조금 모자라도 좋은 대학 출신을 뽑습니다. 좋은 교육을 받았기 때문에 일할 때 빠르게 이해할 수 있기 때문입니다. 그리고 좋은 대학에 간 것도 실력이지 않습니까? ​ 코딩 다른 말로는 프로그래밍하려면, 먼저 코딩 다른 말로는 프로그래밍을 제대로 배워 컴퓨팅 사고력과 프로그래밍 능력을 갖추도록 하세요. 그러면, 나이, 성별, 학력, 전공과 상관없이 누구나 코딩 다른 말로는 프로그래밍할 수 있습니다. 그래서 생각하는 프로그램을 개발하여 창업도 할 수 있고, 취업도 할 수 있습니다. ​ 본질적으로 창의적인 혹은 창조적인 일인 코딩 다른 말로는 프로그래밍은 무작정 이해하고 외워 하는 일이 아닙니다. 능력을 갖춰야 할 수 있는 일입니다. 따라서 능력을 갖추려면, 아이돌이 될 때처럼 장기간 체계적이고 전문적인 훈련이 필요합니다. ​ 무엇보다도 컴퓨팅 사고력은 현재나 미래를 살아야 하는 사람이라면, 누구나 반드시 갖춰야 하는 능력입니다. 그러면, 어떠한 산업 분야에서 어떠한 일을 하든, AI에 대체되지 않고, AI를 잘 활용하여 내 일을 즐겁게 게속 잘 할 수 있습니다. 이것이 4차 산업 사회에서 살아야 하는 사람이라면, 누구나 반드시 코딩 다른 말로는 프로그래밍을 배워야 하는 이유입니다. ​ 프로그래밍을 배우려면, 먼저 프로그래밍을 공부하는 방법부터 배우세요. 프로그래밍을 배우는 방법을 알려고 하면, 먼저 최소한 코딩 다른 말로는 프로그래밍을 어떻게 하는지를 개략적으로 이해해야 합니다. 내가 무엇을 하고자 하는지를 개략적으로 이해해야 어떻게 공부해야 하는지를 알 수 있기 때문입니다. ​ 프로그래밍을 어떻게 하는지를 개략적으로 이해하고, 프로그래밍을 어떻게 배워야 하는지를 공부하고자 하면, ""이렇게 하면 나도 프로그램을 잘 만들 수 있다(나프잘)"" 책들로 공부해 보세요. ​ 네이버 카페 ""프로그래밍을 배우자"" cafe.naver.com/parkcom1990 에서 프로그래밍 관련 정보들을 참고해 보세요. 프로그래밍이 무엇인지. 어떻게 해야 프로그래밍할 수 있는지, 어떻게 프로그래밍을 공부해야 하는지 등등 알 수 있습니다.","사람들이 대학도 중요하지만 기업들이 코딩 실력을 많이 본다 라고 하던데 진짜인가요? ​ ​ 학력을 보긴하지만 ​ 실무 능력을 더 많이 봅니다 ​ ​ ---답변 구분--- 요즘 코딩은 AI가 주로 담당해서 어떤 기능을 만들지 설계하고, 오류를 수정하는 그런 능력이 더 중요시되는 편입니다. ​ 도움 되셨다면 채택 부탁드립니다. ---답변 구분--- 대학은 사람의 성실 + 분별력의 척도가 됨 ​ 코딩 실력만 보냐고 말하면 실무능력이 더 중요한건 맞는데 ​ 뭐라해야 할까... 보통은 대학 좋은 애들이 이해/능률도 좋다더라가 현실이라는거임.... ​ ​ 즉 가령 나는 뭐 부모가 업계종사자라서 그런거 많이 보고 배웠다. ​ 바로 써 먹을 수 있다. ​ 그런게 아닌이상은.... 그냥 그림의 떡이다 라 생각하는게 편함 ​ ​ ---답변 구분--- 틀린 말은 아닙니다만.. 지방대 학생보다야 서울대 학생이 코딩을 더 잘 하겠죠? ---답변 구분--- 그렇지 않습니다. 대학도 많이 봅니다. 서울대, 카이스트, 포스텍, 고려대, 연세대 출신이라면, 코딩 더 잘하갰지요? 문제는 코딩 실력이 같을 때 진짜로 기업은 무엇을 볼까요? 신입이라면, 얼마나 실력 차이가 날까요? 어차피 신입은 실력이 그다지 차이가 없습니다.이때는 코딩 실력이 조금 모자라도 좋은 대학 출신을 뽑습니다. 좋은 교육을 받았기 때문에 일할 때 빠르게 이해할 수 있기 때문입니다. 그리고 좋은 대학에 간 것도 실력이지 않습니까? ​ 코딩 다른 말로는 프로그래밍하려면, 먼저 코딩 다른 말로는 프로그래밍을 제대로 배워 컴퓨팅 사고력과 프로그래밍 능력을 갖추도록 하세요. 그러면, 나이, 성별, 학력, 전공과 상관없이 누구나 코딩 다른 말로는 프로그래밍할 수 있습니다. 그래서 생각하는 프로그램을 개발하여 창업도 할 수 있고, 취업도 할 수 있습니다. ​ 본질적으로 창의적인 혹은 창조적인 일인 코딩 다른 말로는 프로그래밍은 무작정 이해하고 외워 하는 일이 아닙니다. 능력을 갖춰야 할 수 있는 일입니다. 따라서 능력을 갖추려면, 아이돌이 될 때처럼 장기간 체계적이고 전문적인 훈련이 필요합니다. ​ 무엇보다도 컴퓨팅 사고력은 현재나 미래를 살아야 하는 사람이라면, 누구나 반드시 갖춰야 하는 능력입니다. 그러면, 어떠한 산업 분야에서 어떠한 일을 하든, AI에 대체되지 않고, AI를 잘 활용하여 내 일을 즐겁게 게속 잘 할 수 있습니다. 이것이 4차 산업 사회에서 살아야 하는 사람이라면, 누구나 반드시 코딩 다른 말로는 프로그래밍을 배워야 하는 이유입니다. ​ 프로그래밍을 배우려면, 먼저 프로그래밍을 공부하는 방법부터 배우세요. 프로그래밍을 배우는 방법을 알려고 하면, 먼저 최소한 코딩 다른 말로는 프로그래밍을 어떻게 하는지를 개략적으로 이해해야 합니다. 내가 무엇을 하고자 하는지를 개략적으로 이해해야 어떻게 공부해야 하는지를 알 수 있기 때문입니다. ​ 프로그래밍을 어떻게 하는지를 개략적으로 이해하고, 프로그래밍을 어떻게 배워야 하는지를 공부하고자 하면, ""이렇게 하면 나도 프로그램을 잘 만들 수 있다(나프잘)"" 책들로 공부해 보세요. ​ 네이버 카페 ""프로그래밍을 배우자"" cafe.naver.com/parkcom1990 에서 프로그래밍 관련 정보들을 참고해 보세요. 프로그래밍이 무엇인지. 어떻게 해야 프로그래밍할 수 있는지, 어떻게 프로그래밍을 공부해야 하는지 등등 알 수 있습니다."
